station_id;date_from;date_to;altitude;geoWidth;geoLength;name;state;abgabe
1;1931-01-01;1986-06-30;478;47.8413;8.8493;Aach;Baden-Württemberg;Frei
3;1851-01-01;2011-03-31;202;50.7827;6.0941;Aachen;Nordrhein-Westfalen;Frei
44;1971-03-01;2023-12-31;44;52.9336;8.237;Großenkneten;Niedersachsen;Frei
52;1973-01-01;2001-12-31;46;53.6623;10.199;Ahrensburg-Wulfsdorf;Schleswig-Holstein;Frei
61;1975-07-01;1978-08-31;339;48.8443;12.6171;Aiterhofen;Bayern;Frei
70;1973-06-01;1986-09-30;712;48.2052;9.0371;Albstadt-Ebingen;Baden-Württemberg;Frei
71;1986-11-01;2019-12-31;759;48.2156;8.9784;Albstadt-Badkap;Baden-Württemberg;Frei
72;1978-10-01;1995-05-31;794;48.2766;9.0001;Albstadt-Onstmettingen;Baden-Württemberg;Frei
73;1953-01-01;2023-12-31;374;48.6183;13.062;Aldersbach-Kramersepp;Bayern;Frei
78;1961-01-01;2023-12-31;64;52.4853;7.9125;Alfhausen;Niedersachsen;Frei
91;1978-11-01;2023-12-31;304;50.7446;9.345;Alsfeld-Eifa;Hessen;Frei
93;1977-12-01;1978-10-31;269;50.7691;9.2542;Alsfeld-Reibertenrod;Hessen;Frei
96;2019-04-09;2023-12-31;50;52.9437;12.8518;Neuruppin-Alt Ruppin;Brandenburg;Frei
98;1887-01-01;1954-12-31;780;51.189;8.4671;Altastenberg;Nordrhein-Westfalen;Frei
102;1998-01-01;2023-12-31;0;53.8633;8.1275;Leuchtturm Alte Weser;Niedersachsen;Frei
106;1973-01-01;1996-02-29;500;51.7976;10.4429;Altenau;Niedersachsen;
116;1899-06-01;1973-05-31;213;50.9833;12.4333;Altenburg;Thüringen;Frei
125;2019-01-01;2023-12-31;739;47.8342;10.8667;Altenstadt;Bayern;Frei
129;1991-01-01;2006-12-31;30;53.6893;13.242;Altentreptow;Mecklenburg-Vorpommern;Frei
131;2004-11-01;2023-12-31;296;51.0881;12.9326;Geringswalde-Altgeringswalde;Sachsen;Frei
132;1953-12-11;1987-09-30;750;49.7725;12.3891;Altglashütte;Bayern;Frei
142;1955-01-01;2023-12-31;511;48.406;11.3117;Altomünster-Maisbrunn;Bayern;Frei
150;1901-01-01;2023-12-31;215;49.7273;8.1164;Alzey;Rheinland-Pfalz;Frei
151;1947-01-01;2023-12-31;382;49.4691;11.8546;Amberg-Unterammersricht;Bayern;Frei
154;1994-01-01;2023-12-31;516;48.0197;12.2925;Amerang-Pfaffing;Bayern;Frei
161;2011-09-01;2023-12-31;75;50.4237;7.4202;Andernach;Rheinland-Pfalz;Frei
164;1908-05-17;2023-12-31;54;53.0316;13.9908;Angermünde;Brandenburg;Frei
167;1940-01-01;2023-12-31;11;53.8409;13.6854;Anklam;Mecklenburg-Vorpommern;Frei
169;1881-01-01;1966-12-31;630;50.573;13.0053;Annaberg-Buchholz;Sachsen;Frei
172;1969-05-01;1991-11-30;395;52.2486;9.5056;Annaturm;Niedersachsen;Frei
174;1984-03-01;1987-12-31;250;49.1886;7.9766;Annweiler-Bindersbach;Rheinland-Pfalz;Frei
175;1881-01-01;1976-04-30;413;49.2964;10.5751;Ansbach;Bayern;Frei
176;1976-06-01;1995-11-30;481;49.2475;10.5826;Ansbach-Claffheim;Bayern;
177;1940-01-01;1957-10-31;418;49.3158;10.5815;Ansbach-Hennenbach;Bayern;Frei
183;1936-01-01;2023-12-31;42;54.6791;13.4344;Arkona;Mecklenburg-Vorpommern;Frei
184;1947-01-01;1966-06-30;55;52.6769;12.0077;Arneburg;Sachsen-Anhalt;Frei
185;1881-01-01;1957-12-31;3;54.6289;9.9294;Arnis;Schleswig-Holstein;Frei
186;1867-01-01;1998-09-30;218;51.3773;8.0713;Arnsberg;Nordrhein-Westfalen;Frei
191;1884-01-01;2023-12-31;217;49.9694;9.9114;Arnstein-Müdesheim;Bayern;Frei
193;1939-01-01;1997-10-31;232;51.3845;9.082;Arolsen-Neu Berich;Hessen;Frei
198;1954-01-01;2023-12-31;164;51.3744;11.292;Artern;Thüringen;Frei
202;1881-01-01;1951-12-31;111;49.9771;9.1091;Aschaffenburg;Bayern;Frei
207;1947-01-01;1964-12-31;105;51.7498;11.4667;Aschersleben;Sachsen-Anhalt;Frei
211;1981-09-01;1999-12-31;200;50.58;8.4685;Aßlar Klein-Altenstädten;Hessen;Frei
217;1938-01-01;2023-12-31;670;47.8774;11.3643;Attenkam;Bayern;Frei
221;1985-08-01;1990-05-31;483;48.5515;11.7117;Au i.d.Hallertau-Günzenhausen;Bayern;Frei
222;1881-01-01;2023-12-31;393;50.5908;12.7139;Aue;Sachsen;Frei
231;1879-01-01;1974-04-30;490;48.3723;10.8948;Augsburg (Sankt Stephan);Bayern;Frei
232;1947-01-01;2023-12-31;462;48.4253;10.9417;Augsburg;Bayern;Frei
243;1888-01-01;2006-12-31;4;53.4621;7.467;Aurich;Niedersachsen;Frei
257;1881-01-01;2023-12-31;240;48.727;8.2457;Baden-Baden-Geroldsau;Baden-Württemberg;Frei
259;1881-01-01;2023-12-31;275;47.8064;7.6387;Müllheim;Baden-Württemberg;Frei
268;1954-01-01;1996-12-31;622;48.5293;8.2727;Baiersbronn-Obertal;Baden-Württemberg;Frei
273;1986-12-01;1990-04-30;467;47.8413;9.6606;Baindt;Baden-Württemberg;Frei
282;1881-01-01;2023-12-31;240;49.8743;10.9206;Bamberg;Bayern;Frei
283;1881-01-01;1959-12-31;382;49.8808;10.8695;Bamberg-Altenburg;Bayern;Frei
284;1879-01-01;1958-12-31;282;49.88;10.88;Bamberg (Sternwarte);Bayern;Frei
288;1991-01-01;1998-08-31;3;53.8409;13.7549;Bargischow-Gnevezin;Mecklenburg-Vorpommern;Frei
294;1992-02-01;2023-12-31;110;52.3199;9.43;Barsinghausen-Hohenbostel;Niedersachsen;Frei
298;1938-01-01;2023-12-31;3;54.3405;12.7108;Barth;Mecklenburg-Vorpommern;Frei
303;1998-01-01;2023-12-31;55;52.0613;13.4997;Baruth;Brandenburg;Frei
314;1881-01-01;2023-12-31;234;51.1604;14.5042;Kubschütz, Kr. Bautzen;Sachsen;Frei
320;1851-01-01;2023-12-31;350;49.9666;11.5198;Heinersreuth-Vollhof;Bayern;Frei
321;1979-01-01;1995-10-31;789;47.6797;12.0017;Bayrischzell;Bayern;Frei
326;2004-07-01;2013-07-07;120;51.7204;8.0577;Beckum-Unterberg;Nordrhein-Westfalen;Frei
327;1962-09-01;1996-10-31;27;53.6234;8.8323;Bederkesa;Niedersachsen;Frei
330;1931-01-01;2023-12-31;455;49.5617;8.9673;Oberzent-Beerfelden;Hessen;Frei
335;1976-12-01;1977-10-31;4;54.3426;10.6018;Behrensdorf;Schleswig-Holstein;Frei
342;2010-12-01;2023-12-31;103;52.317;8.1694;Belm;Niedersachsen;Frei
348;1990-01-01;2011-08-31;127;50.4135;7.5886;Bendorf;Rheinland-Pfalz;Frei
351;1949-03-01;1988-06-30;502;51.6926;10.6978;Oberharz am Brocken-Sorge;Sachsen-Anhalt;Frei
355;1931-01-01;1989-10-31;140;49.6789;8.6276;Bensheim;Hessen;Frei
361;1905-01-01;1998-12-31;550;47.6344;13.0109;Berchtesgaden (KKst);Bayern;Frei
365;1991-10-01;2002-09-30;421;49.3311;11.4303;Berg/Oberpfalz;Bayern;Frei
368;2002-01-01;2024-08-31;69;52.8152;9.9248;Bergen;Niedersachsen;Frei
377;1927-01-01;2023-12-31;210;49.107;7.9967;Bergzabern, Bad;Rheinland-Pfalz;Frei
379;1954-07-01;2023-12-31;304;50.9075;11.2665;Berka, Bad (Flugplatz);Thüringen;Frei
386;1973-07-01;1986-11-30;445;51.0454;8.3851;Berleburg, Bad;Nordrhein-Westfalen;Frei
390;1986-12-01;2023-12-31;610;50.9837;8.3683;Berleburg, Bad-Stünzel;Nordrhein-Westfalen;Frei
395;1948-07-01;1953-12-31;38;52.4167;13.4833;Berlin-Adlershof;Berlin;Frei
399;1975-01-01;2015-06-29;36;52.5198;13.4057;Berlin-Alexanderplatz;Berlin;Frei
400;1889-01-01;2023-12-31;60;52.631;13.5021;Berlin-Buch;Berlin;Frei
402;1830-01-01;1962-12-31;55;52.4564;13.2997;Berlin-Dahlem (LFAG);Berlin;Frei
403;1719-01-01;2023-12-31;51;52.4537;13.3017;Berlin-Dahlem (FU);Berlin;Frei
405;1951-04-01;1954-12-31;37;52.45;13.65;Berlin-Friedrichshagen;Berlin;Frei
407;1958-01-01;1978-03-31;48;52.6461;13.2858;Berlin-Frohnau;Berlin;Frei
408;1883-01-01;1951-11-30;35;52.5333;13.3833;Berlin-Invalidenstraße;Berlin;Frei
410;1996-06-01;2020-06-15;33;52.404;13.7309;Berlin-Kaniswall;Berlin;Frei
416;1982-07-01;1996-09-30;47;52.4069;13.4127;Berlin-Lichtenrade;Berlin;Frei
417;1931-01-01;1956-10-31;43;52.4144;13.3036;Berlin-Lichterfelde (Süd);Berlin;Frei
420;1993-05-01;2023-12-31;61;52.5447;13.5598;Berlin-Marzahn;Berlin;Frei
422;1892-01-01;1964-12-31;35;52.5333;13.3833;Berlin-Mitte;Berlin;Frei
424;1901-01-01;1980-12-31;36;52.5;13.4667;Berlin-Ostkreuz;Berlin;Frei
425;1946-01-01;1982-06-30;38;52.4044;13.4838;Berlin-Rudow;Berlin;Frei
427;1957-01-01;2023-12-31;46;52.3807;13.5306;Berlin Brandenburg;Brandenburg;Frei
429;1891-01-01;1987-01-31;32;52.5667;13.1694;Berlin-Spandau;Berlin;Frei
430;1961-01-01;2021-05-04;36;52.5644;13.3088;Berlin-Tegel;Berlin;Frei
432;1978-04-01;1994-12-31;36;52.6044;13.2952;Berlin-Tegeler Fliesstal;Berlin;Frei
433;1938-01-01;2023-12-31;48;52.4676;13.402;Berlin-Tempelhof;Berlin;Frei
434;1947-01-01;1960-12-31;35;52.4553;13.4699;Berlin-Treptow;Berlin;Frei
435;1964-01-01;2006-12-31;45;52.4289;13.2327;Berlin-Zehlendorf;Berlin;Frei
445;1887-01-01;2023-12-31;85;51.8218;11.711;Bernburg/Saale (Nord);Sachsen-Anhalt;Frei
450;1912-01-01;2012-12-03;120;49.9186;7.0664;Bernkastel-Kues;Rheinland-Pfalz;Frei
458;1975-01-01;1988-03-31;185;50.0699;7.0306;Bertrich, Bad;Rheinland-Pfalz;
460;1948-01-01;2023-12-31;362;49.2641;6.6868;Berus;Saarland;Frei
474;1881-01-01;1986-09-30;599;48.1252;9.7639;Warthausen-Birkenhard;Baden-Württemberg;Frei
480;1931-01-01;2006-12-31;296;50.9275;8.4937;Biedenkopf-Wallau;Hessen;Frei
502;1967-08-01;2006-12-31;412;49.8747;9.4883;Bischbrunn;Bayern;Frei
508;1994-04-01;2010-12-31;675;50.0539;11.8149;Bischofsgrün;Bayern;
524;1922-01-01;1992-12-31;80;51.6333;12.3167;Bitterfeld;Sachsen-Anhalt;Frei
526;1906-01-01;1975-12-31;254;50.6738;11.2805;Blankenburg, Bad;Thüringen;Frei
535;1927-01-01;2023-12-31;417;50.0372;7.3079;Blankenrath;Rheinland-Pfalz;Frei
550;1994-05-01;2002-09-30;344;50.9041;11.7985;Bobeck;Thüringen;Frei
553;1954-01-01;1974-08-31;25;51.838;6.6107;Bocholt (Marienschule);Nordrhein-Westfalen;Frei
554;1946-01-01;2006-02-28;23;51.8293;6.5365;Bocholt-Liedern (Wasserwerk);Nordrhein-Westfalen;Frei
555;1925-01-01;2023-12-31;110;51.5026;7.2289;Bochum;Nordrhein-Westfalen;Frei
570;1979-01-01;1981-12-31;648;49.0768;13.0765;Bodenmais-Mais;Bayern;
576;1935-01-01;2003-12-31;445;48.6759;8.9732;Böblingen;Baden-Württemberg;Frei
578;1951-03-01;1966-12-31;379;48.9451;11.3667;Böhming;Bayern;Frei
588;1992-05-01;1996-07-31;105;51.752;9.3953;Boffzen;Niedersachsen;Frei
591;1947-01-01;2023-12-31;45;53.3911;10.6878;Boizenburg;Mecklenburg-Vorpommern;Frei
592;1946-01-01;1962-12-31;10;53.8634;9.7344;Bokel;Schleswig-Holstein;Frei
594;1993-01-01;2000-02-29;425;48.6407;9.6136;Boll, Bad (KKst);Baden-Württemberg;
596;1947-01-01;2023-12-31;15;54.0027;11.1908;Boltenhagen;Mecklenburg-Vorpommern;Frei
598;1949-01-01;1957-08-31;62;50.7285;7.0839;Bonn;Nordrhein-Westfalen;Frei
599;1931-01-01;1999-03-01;62;50.7055;7.1467;Bonn-Friesdorf;Nordrhein-Westfalen;Frei
603;2000-07-04;2023-12-31;147;50.7293;7.204;Königswinter-Heiderhof;Nordrhein-Westfalen;Frei
606;1950-01-01;1954-07-31;571;48.079;10.1977;Boos;Bayern;Frei
614;1951-01-01;2007-12-31;240;51.5709;9.312;Borgentreich-Bühne;Nordrhein-Westfalen;Frei
617;2004-06-01;2023-12-31;47;51.873;6.8863;Borken in Westfalen;Nordrhein-Westfalen;Frei
619;1881-01-01;2006-02-28;12;53.5788;6.6703;Borkum-Süderstraße;Niedersachsen;Frei
634;1980-03-01;1991-03-31;373;49.4442;9.6458;Boxberg-Seehof;Baden-Württemberg;
642;1932-01-01;1993-10-31;4;53.3518;8.4969;Brake;Niedersachsen;Frei
643;1993-11-01;1994-12-31;0;53.296;8.4529;Brake-Süderfeld;Niedersachsen;Frei
645;1946-01-01;1952-01-31;75;52.4083;7.9682;Bramsche;Niedersachsen;Frei
648;1963-05-01;2006-12-31;9;53.8551;9.7152;Brande-Hörnerkirchen;Schleswig-Holstein;Frei
650;1888-01-01;2001-04-30;35;52.4136;12.5503;Brandenburg-Görden;Brandenburg;Frei
652;1948-01-01;1958-07-31;384;49.5353;10.7706;Hagenbüchach;Bayern;Frei
656;1931-01-01;2023-12-31;607;51.7234;10.6021;Braunlage;Niedersachsen;Frei
657;1906-01-01;2003-12-31;625;51.6634;10.669;Braunlage-Hohegeiß;Niedersachsen;Frei
660;1931-01-01;1960-12-31;83;52.2744;10.5656;Braunschweig-Gliesmarode;Niedersachsen;Frei
661;1881-01-01;1953-12-31;75;52.2708;10.5334;Braunschweig (T.H.);Niedersachsen;Frei
662;1947-01-01;2023-12-31;81;52.2915;10.4464;Braunschweig;Niedersachsen;Frei
685;1998-01-13;2006-11-01;585;49.9017;9.4281;Breitsol;Bayern;Frei
691;1851-01-01;2023-12-31;4;53.0451;8.7981;Bremen;Bremen;Frei
699;1946-01-01;1958-06-30;4;53.1004;8.7834;Bremen-Seefahrtschule;Bremen;Frei
701;1913-01-01;2023-12-31;7;53.5332;8.5761;Bremerhaven;Bremen;Frei
702;1947-01-01;1960-06-30;8;53.5876;8.6015;Bremerhaven-Speckenbüttel;Bremen;Frei
703;1881-01-01;1985-05-31;5;53.4779;9.1553;Bremervörde (A);Niedersachsen;Frei
704;1998-01-01;2023-12-31;11;53.4451;9.139;Bremervörde;Niedersachsen;Frei
705;1985-06-01;2006-12-31;5;53.5312;9.1664;Bremervörde-Niederochtenhause;Niedersachsen;Frei
706;1971-05-01;2004-12-31;234;47.8858;7.6611;Eschbach;Baden-Württemberg;Frei
710;1881-01-01;2003-12-31;182;49.0249;8.699;Bretten;Baden-Württemberg;Frei
717;1891-01-01;2004-06-30;443;51.3873;8.5737;Brilon;Nordrhein-Westfalen;Frei
722;1896-01-01;2023-12-31;135;51.7986;10.6183;Brocken;Sachsen-Anhalt;Frei
727;1953-01-01;1986-12-31;290;49.7345;8.9557;Brombachtal-Kirch-Brombach;Hessen;Frei
729;1904-01-01;1990-01-31;600;50.8282;10.454;Brotterode;Thüringen;Frei
736;1862-01-01;1999-12-31;390;49.6303;7.1148;Brücken;Rheinland-Pfalz;Frei
755;1881-01-01;2023-12-31;340;49.5182;9.3213;Buchen, Kr. Neckar-Odenwald;Baden-Württemberg;Frei
757;1990-10-01;2023-12-31;445;47.9625;7.9983;Buchenbach;Baden-Württemberg;Frei
760;1976-06-01;2023-12-31;83;53.3629;9.9435;Rosengarten-Klecken;Niedersachsen;Frei
766;2002-01-01;2023-12-31;477;50.1745;7.0595;Büchel-Alflen;Rheinland-Pfalz;Frei
769;1979-01-01;2022-12-31;68;52.2817;9.089;Bückeburg;Niedersachsen;Frei
771;1947-01-01;1955-12-31;148;50.2769;9.1167;Büdingen;Hessen;Frei
772;1893-01-01;1986-04-30;190;48.6957;8.1744;Bühlertal;Baden-Württemberg;Frei
773;1986-05-01;2004-12-31;478;48.6743;8.1799;Bühlertal-Obertal;Baden-Württemberg;Frei
793;1992-01-01;1994-10-31;530;49.662;7.1098;Buhlenberg;Rheinland-Pfalz;Frei
817;1952-10-01;2023-12-31;296;51.0306;8.8146;Burgwald-Bottendorf;Hessen;Frei
829;1979-07-01;1995-11-30;479;50.396;8.5465;Butzbach-Bodenrod;Hessen;
840;1989-12-01;2023-12-31;895;50.4313;12.6114;Carlsfeld;Sachsen;Frei
848;1888-01-01;1978-12-31;38;52.6146;10.0726;Celle (Stadt);Niedersachsen;Frei
850;1940-01-01;2022-12-31;39;52.5959;10.0296;Celle;Niedersachsen;Frei
851;1881-01-01;1996-04-30;391;49.2505;12.6044;Pemfling-Pitzling;Bayern;Frei
853;1881-01-01;2023-12-31;416;50.7913;12.872;Chemnitz;Sachsen;Frei
856;1998-01-01;2023-12-31;551;47.8843;12.5404;Chieming;Bayern;Frei
860;2023-10-02;2024-09-30;80;52.2731;10.0163;Algermissen-Groß Lobke;Niedersachsen;Frei
863;1881-01-01;2012-03-31;585;51.7904;10.347;Clausthal-Zellerfeld;Niedersachsen;Frei
865;1960-01-01;1971-02-28;42;52.8441;8.0624;Cloppenburg;Niedersachsen;Frei
867;1883-01-01;2023-12-31;344;50.3066;10.9679;Lautertal-Oberlauter;Bayern;Frei
873;1953-03-21;1985-12-31;283;50.2833;10.8;Colberg, Bad;Thüringen;Frei
876;1946-08-01;1988-12-31;314;51.304;13.0096;Collmberg;Sachsen;Frei
879;1940-01-01;1954-12-31;68;51.7667;14.2833;Cottbus (Flugplatz);Brandenburg;Frei
880;1888-11-01;2023-12-31;69;51.7759;14.3168;Cottbus;Brandenburg;Frei
881;1898-01-01;2003-12-31;423;49.0985;10.0979;Crailsheim-Alexandersreut;Baden-Württemberg;Frei
888;1903-01-01;1991-12-09;269;50.8149;12.3821;Crimmitschau;Sachsen;Frei
891;1922-01-01;2023-12-31;5;53.8713;8.706;Cuxhaven;Niedersachsen;Frei
896;1949-07-01;2023-12-31;170;51.0778;10.8619;Dachwig;Thüringen;Frei
917;1995-08-01;2023-12-31;162;49.8809;8.6779;Darmstadt;Hessen;Frei
918;1987-10-01;1995-07-31;122;49.8453;8.624;Darmstadt (A);Hessen;Frei
919;1931-01-01;1974-07-31;169;49.8697;8.6796;Darmstadt-Botanischer Garten;Hessen;Frei
920;1831-01-01;1987-09-30;108;49.8564;8.5929;Darmstadt (US-Air-Base);Hessen;Frei
927;1985-10-01;2000-12-31;430;50.1957;6.8279;Daun;Rheinland-Pfalz;
931;1989-08-01;2003-12-31;712;47.8007;9.4108;Deggenhausertal-Azenweiler;Baden-Württemberg;Frei
948;1887-01-01;1950-12-31;60;51.8512;12.2515;Dessau;Sachsen-Anhalt;Frei
953;1950-08-01;2023-12-31;481;49.7619;7.0542;Deuselbach;Rheinland-Pfalz;Frei
954;1998-01-01;2024-09-30;0;54.1796;7.4587;UFS Deutsche Bucht;Hamburg;Frei
963;1941-01-01;2023-12-31;38;52.5881;8.3424;Diepholz;Niedersachsen;Frei
964;1952-01-01;1962-12-31;413;50.0832;6.8904;Dierfeld;Rheinland-Pfalz;Frei
965;1936-01-01;1990-06-30;100;51.2401;13.4166;Diesbar-Seußlitz;Sachsen;Frei
970;1985-04-01;1999-06-30;405;49.4158;10.6734;Dietenhofen;Bayern;Frei
979;1947-11-01;2023-12-31;314;50.7364;8.2672;Dillenburg;Hessen;Frei
982;1881-01-01;2006-11-30;420;48.5701;10.4985;Dillingen/Donau;Bayern;Frei
983;2006-12-01;2023-12-31;419;48.5562;10.56;Dillingen/Donau-Fristingen;Bayern;Frei
991;1954-09-01;2023-12-31;359;50.9116;13.7087;Dippoldiswalde-Reinberg;Sachsen;Frei
998;1893-01-01;2001-10-31;696;48.7968;8.4921;Dobel;Baden-Württemberg;Frei
1000;1991-07-01;1997-08-31;3;54.1442;11.8454;Doberan, Bad-Heiligendamm;Mecklenburg-Vorpommern;Frei
1001;1937-01-01;2023-12-31;97;51.6451;13.5747;Doberlug-Kirchhain;Brandenburg;Frei
1003;1881-01-01;1975-12-31;201;51.1333;13.1167;Döbeln;Sachsen;Frei
1006;1898-08-11;1961-09-30;15;53.1399;11.2544;Dömitz;Mecklenburg-Vorpommern;Frei
1018;1881-01-01;2004-12-31;677;47.9422;8.5046;Donaueschingen;Baden-Württemberg;Frei
1032;1898-01-01;1999-09-30;120;51.512;7.5345;Dortmund;Nordrhein-Westfalen;Frei
1047;1828-01-01;1934-12-31;112;51.0557;13.7274;Dresden (Mitte);Sachsen;Frei
1048;1934-01-01;2023-12-31;228;51.1278;13.7543;Dresden-Klotzsche;Sachsen;Frei
1050;1924-01-01;2023-12-31;112;51.0221;13.847;Dresden-Hosterwitz;Sachsen;Frei
1051;1935-01-01;2023-12-31;119;51.0249;13.775;Dresden-Strehlen;Sachsen;Frei
1052;1993-05-01;2023-12-31;80;52.2174;12.1641;Möckern-Drewitz;Sachsen-Anhalt;Frei
1053;1899-01-01;2003-07-31;192;51.7337;9.0445;Driburg, Bad;Nordrhein-Westfalen;Frei
1066;1963-01-01;1976-12-31;180;51.504;10.2613;Duderstadt;Niedersachsen;Frei
1072;1917-01-01;2023-12-31;107;49.4719;8.1929;Dürkheim, Bad;Rheinland-Pfalz;Frei
1073;1881-01-01;1952-12-31;115;49.4686;8.1797;Dürkheim, Bad (Saline);Rheinland-Pfalz;Frei
1074;1938-01-01;1973-02-28;103;51.3043;12.081;Dürrenberg, Bad;Sachsen-Anhalt;Frei
1076;1930-01-01;2000-11-30;692;48.0135;8.5343;Dürrheim, Bad;Baden-Württemberg;Frei
1078;1940-01-01;2023-12-31;37;51.296;6.7686;Düsseldorf;Nordrhein-Westfalen;Frei
1079;1935-01-01;1996-07-31;37;51.1998;6.7574;Düsseldorf-Südfriedhof;Nordrhein-Westfalen;Frei
1084;1994-05-01;2007-05-31;31;51.394;6.7026;Duisburg-Friemersheim;Nordrhein-Westfalen;Frei
1087;1937-01-01;1993-12-31;21;51.4634;6.7321;Duisburg-Laar;Nordrhein-Westfalen;Frei
1091;1951-10-01;2007-12-31;258;51.2806;10.7362;Ebeleben;Thüringen;Frei
1102;1987-11-01;2002-12-31;300;48.7201;9.5328;Ebersbach/Fils;Baden-Württemberg;Frei
1103;1938-01-01;2023-12-31;592;48.1003;11.9872;Ebersberg-Halbing;Bayern;Frei
1106;1876-01-01;1950-12-31;45;52.8239;13.7979;Eberswalde;Brandenburg;Frei
1107;1948-01-01;2023-12-31;346;49.852;10.4991;Ebrach;Bayern;Frei
1130;2002-01-01;2002-12-31;18;54.6282;9.3649;Eggebek;Schleswig-Holstein;Frei
1146;1985-07-01;1987-07-31;487;48.6593;8.9121;Ehningen;Baden-Württemberg;Frei
1154;1945-01-01;1966-09-30;470;48.3416;12.882;Eiberg;Bayern;Frei
1161;1952-01-01;2023-12-31;385;48.8778;11.2349;Eichstätt-Landershofen;Bayern;Frei
1169;1976-02-01;1999-09-30;264;47.6288;7.5959;Eimeldingen;Baden-Württemberg;Frei
1172;1948-01-01;1989-11-30;123;51.8189;9.8871;Einbeck;Niedersachsen;Frei
1182;1904-01-01;2001-05-31;146;51.5029;11.5705;Eisleben-Helfta;Sachsen-Anhalt;Frei
1188;1938-01-01;1974-08-31;518;50.7041;10.8576;Elgersburg;Thüringen;Frei
1197;1931-01-01;2023-12-31;463;48.9895;10.1312;Ellwangen-Rindelbach;Baden-Württemberg;Frei
1200;1998-01-01;2023-12-31;3;54.0691;9.0105;Elpersbüttel;Schleswig-Holstein;Frei
1201;1947-07-01;2000-12-31;85;50.9281;6.5646;Elsdorf/Erftkreis;Nordrhein-Westfalen;Frei
1204;1881-01-01;1965-12-31;1;53.2346;8.4612;Elsfleth;Niedersachsen;Frei
1207;1881-01-01;2023-12-31;558;50.2705;12.2742;Elster, Bad-Sohl;Sachsen;Frei
1214;1987-11-01;2023-12-31;431;48.2012;8.1088;Elzach-Fisnacht;Baden-Württemberg;Frei
1219;1854-01-01;1997-06-30;5;53.3449;7.1909;Emden-Nesserland;Niedersachsen;Frei
1221;1955-01-01;1974-02-28;0;53.3707;7.2236;Emden-Wolthusen;Niedersachsen;Frei
1224;1975-11-01;2023-12-31;201;48.1378;7.8351;Emmendingen-Mundingen;Baden-Württemberg;Frei
1228;2000-07-01;2024-09-30;0;54.1651;6.346;UFS TW Ems;Hamburg;Frei
1229;1947-01-01;1997-03-31;90;50.3324;7.6975;Ems, Bad;Rheinland-Pfalz;Frei
1238;1951-01-01;1996-09-30;144;50.9884;7.425;Engelskirchen;Nordrhein-Westfalen;Frei
1239;1986-08-01;2008-09-22;540;47.8516;8.7673;Engen/Hegau;Baden-Württemberg;Frei
1243;1930-01-01;1985-09-30;705;48.4734;9.3028;Eningen;Baden-Württemberg;Frei
1246;2015-08-01;2023-12-31;104;51.8418;8.0607;Ennigerloh-Ostenfelde;Nordrhein-Westfalen;Frei
1254;1947-07-04;2002-11-30;210;49.1307;8.9165;Eppingen;Baden-Württemberg;Frei
1255;2002-12-01;2023-12-31;226;49.1661;8.8483;Eppingen-Elsenz;Baden-Württemberg;Frei
1262;1992-05-17;2023-12-31;446;48.3477;11.8134;München-Flughafen;Bayern;Frei
1266;1958-01-01;2023-12-31;18;54.2992;9.3162;Erfde;Schleswig-Holstein;Frei
1270;1887-01-01;2023-12-31;316;50.9829;10.9608;Erfurt-Weimar;Thüringen;Frei
1275;1967-04-01;1980-12-31;340;48.3008;13.1398;Ering;Bayern;Frei
1276;1980-08-01;2002-12-31;408;47.6358;9.5392;Eriskirch-Mariabrunn;Baden-Württemberg;Frei
1279;1881-01-01;2023-12-31;268;49.6497;11.0075;Möhrendorf-Kleinseebach;Bayern;Frei
1280;1947-04-01;1953-12-31;280;49.5692;10.9929;Erlangen-Bruck;Bayern;Frei
1287;1991-12-01;2006-08-31;198;49.8589;9.2861;Eschau-Hobbach;Bayern;Frei
1292;1948-01-01;2006-04-30;470;49.7522;11.8222;Eschenbach/Oberpfalz;Bayern;Frei
1297;1948-01-01;2023-12-31;156;51.2041;10.0138;Eschwege;Hessen;Frei
1299;1979-09-01;1999-10-31;3;53.6476;7.6085;Esens;Niedersachsen;Frei
1300;1931-01-01;2023-12-31;351;51.254;8.1565;Eslohe;Nordrhein-Westfalen;Frei
1303;1888-01-01;2023-12-31;150;51.4041;6.9677;Essen-Bredeney;Nordrhein-Westfalen;Frei
1327;1937-01-01;2023-12-31;147;50.7119;6.7905;Weilerswist-Lommersum;Nordrhein-Westfalen;Frei
1329;1881-01-01;2003-12-31;50;54.134;10.5865;Eutin;Schleswig-Holstein;Frei
1332;1937-01-01;2023-12-31;471;48.4832;12.7241;Falkenberg,Kr.Rottal-Inn;Bayern;Frei
1339;2014-01-01;2023-12-31;74;52.9157;10.1885;Faßberg;Niedersachsen;Frei
1341;2008-12-18;2011-09-28;0;54.6;11.15;Fehmarnbelt;Schleswig-Holstein;Frei
1345;1947-03-01;1962-12-31;92;53.3346;13.4371;Feldberg;Mecklenburg-Vorpommern;Frei
1346;1921-01-01;2023-12-31;486;47.8748;8.0038;Feldberg/Schwarzwald;Baden-Württemberg;Frei
1347;1980-02-01;1987-01-31;962;47.8555;8.1155;Feldberg-Altglashütten;Baden-Württemberg;Frei
1357;1947-01-01;2023-12-31;655;49.9807;11.8376;Fichtelberg/Oberfranken-Hütts;Bayern;Frei
1358;1890-08-01;2023-12-31;213;50.4283;12.9536;Fichtelberg;Sachsen;Frei
1372;1940-01-01;2002-10-31;757;47.4608;10.2696;Fischen;Bayern;Frei
1374;1949-01-12;1972-04-30;366;50.505;10.1668;Fladungen-Heufurt;Bayern;Frei
1378;1985-07-01;2006-12-31;45;54.8086;9.4182;Flensburg;Schleswig-Holstein;Frei
1379;1866-01-01;1985-06-30;41;54.7737;9.3753;Flensburg (Schäferhaus);Schleswig-Holstein;Frei
1380;1941-01-01;1956-12-31;19;54.8147;9.458;Flensburg-Mürwik;Schleswig-Holstein;Frei
1392;1987-10-01;2006-12-31;621;49.7316;12.3489;Flossenbürg;Bayern;Frei
1403;1965-04-01;1980-10-31;260;50.0616;9.455;Frammersbach;Bayern;Frei
1410;1954-07-01;1997-03-31;140;51.3512;11.0958;Frankenhausen, Bad/Kyffhäuser;Thüringen;Frei
1411;1887-01-01;2023-12-31;747;50.5309;10.0479;Birx/Rhön;Thüringen;Frei
1420;1936-01-01;2023-12-31;100;50.0259;8.5213;Frankfurt/Main;Hessen;Frei
1421;1961-12-01;1984-08-31;125;50.1474;8.6746;Frankfurt/Main (Stadt);Hessen;Frei
1424;1985-11-01;2023-12-31;121;50.1269;8.6694;Frankfurt/Main-Westend;Hessen;Frei
1425;1758-01-01;1961-11-30;103;50.1214;8.6604;Frankfurt/Main (Feldbergstr.);Hessen;Frei
1426;1851-01-01;1984-12-31;65;52.3397;14.508;Frankfurt/Oder;Brandenburg;Frei
1428;1947-01-01;1957-12-31;230;49.2275;8.0585;Frankweiler;Rheinland-Pfalz;Frei
1440;1971-05-01;2003-12-31;476;48.2018;7.9339;Freiamt-Ottoschwanden;Baden-Württemberg;Frei
1441;1881-01-01;1993-04-30;416;50.9263;13.2711;Freiberg;Sachsen;Frei
1443;1869-01-01;2024-09-30;237;48.0232;7.8343;Freiburg;Baden-Württemberg;Frei
1447;1940-01-01;1985-06-30;255;48.013;7.8588;Freiburg im Breisgau-Herdern;Baden-Württemberg;Frei
1451;1970-11-01;2023-12-31;2;53.8277;9.2493;Freiburg/Elbe;Niedersachsen;Frei
1467;1851-01-01;2005-12-31;736;48.4607;8.4141;Freudenstadt-Kurgarten;Baden-Württemberg;Frei
1468;1881-01-01;2023-12-31;797;48.4538;8.409;Freudenstadt;Baden-Württemberg;Frei
1473;2006-01-01;2019-02-28;414;49.1869;11.308;Freystadt-Michelbach;Bayern;Frei
1481;1956-01-01;1998-12-31;928;47.9216;8.2547;Friedenweiler;Baden-Württemberg;
1488;1933-01-01;1972-12-31;523;51.6884;11.0394;Friedrichsbrunn;Sachsen-Anhalt;Frei
1490;1853-01-01;1980-11-30;394;47.6454;9.4795;Friedrichshafen;Baden-Württemberg;Frei
1492;1929-01-01;2003-12-31;852;47.7819;7.7348;Malsburg-Marzell-Friedrichshe;Baden-Württemberg;Frei
1493;1992-07-01;1995-12-31;793;50.4788;11.0159;Friedrichshöhe;Thüringen;
1503;1927-01-01;2023-12-31;6;53.0643;7.902;Friesoythe-Altenoythe;Niedersachsen;Frei
1504;2001-01-01;2023-12-31;172;51.119;9.2799;Fritzlar/Eder;Hessen;Frei
1513;1907-01-01;1962-11-30;653;50.6588;8.1027;Fuchskauten;Rheinland-Pfalz;Frei
1522;1922-01-01;1955-03-31;313;49.4811;10.964;Fürth/Bayern (A);Bayern;Frei
1526;1881-01-01;2023-12-31;245;50.5668;9.6532;Fulda-Horas;Hessen;Frei
1544;1871-01-01;2023-12-31;47;52.5129;11.3942;Gardelegen;Sachsen-Anhalt;Frei
1550;1889-01-01;2023-12-31;719;47.483;11.0621;Garmisch-Partenkirchen;Bayern;Frei
1552;1937-01-01;1996-04-30;13;53.2066;14.3817;Gartz/Oder;Brandenburg;Frei
1568;1958-05-01;1982-12-31;721;50.6605;10.7565;Gehlberg-Schmücker Graben;Thüringen;Frei
1580;1884-07-01;2023-12-31;111;49.9859;7.9548;Geisenheim;Hessen;Frei
1583;1947-01-01;1970-12-31;823;50.7719;13.7732;Geisingberg;Sachsen;Frei
1584;2009-06-01;2023-12-31;673;47.9242;8.6474;Geisingen;Baden-Württemberg;Frei
1586;1961-07-01;1968-04-30;610;47.8774;12.6279;Traunstein-Geißing;Bayern;Frei
1587;1998-01-01;2023-12-31;536;48.9481;11.4289;Gelbelsee;Bayern;Frei
1590;1937-01-01;2023-12-31;37;51.4942;6.2463;Geldern-Walbeck;Nordrhein-Westfalen;Frei
1593;1900-01-01;1974-04-30;190;50.2027;9.1989;Gelnhausen;Hessen;Frei
1602;1888-01-01;2023-12-31;177;48.433;7.993;Ohlsbach;Baden-Württemberg;Frei
1605;1953-01-01;2023-12-31;35;52.3875;12.1602;Genthin;Sachsen-Anhalt;Frei
1612;1952-01-01;2023-12-31;311;50.8812;12.1289;Gera-Leumnitz;Thüringen;Frei
1617;1948-06-01;2007-12-31;210;51.7259;11.1317;Gernrode;Sachsen-Anhalt;Frei
1619;1956-01-01;2005-12-31;90;49.7622;8.4887;Gernsheim;Hessen;Frei
1621;1949-01-01;1963-12-31;553;50.2777;9.9144;Geroda-Platz;Bayern;Frei
1623;1996-03-01;2002-11-30;530;50.4477;9.9174;Gersfeld;Hessen;Frei
1638;1936-01-01;1984-04-30;158;50.591;8.6551;Gießen (Lahntal);Hessen;Frei
1639;1881-01-01;2023-12-31;203;50.6017;8.6439;Gießen/Wettenberg;Hessen;Frei
1645;1947-01-01;2023-12-31;327;50.9656;9.05;Gilserberg-Moischeid;Hessen;Frei
1666;1993-03-01;2020-12-31;12;54.8273;9.5058;Glücksburg-Meierwik;Schleswig-Holstein;Frei
1667;1880-01-01;2006-12-31;1;53.797;9.4295;Glückstadt;Schleswig-Holstein;Frei
1684;1860-01-01;2023-12-31;239;51.1621;14.9506;Görlitz;Sachsen;Frei
1689;1914-01-01;2004-06-30;441;49.7656;11.3062;Gößweinstein;Bayern;Frei
1691;1857-01-01;2023-12-31;167;51.5002;9.9507;Göttingen;Niedersachsen;Frei
1694;1947-01-01;2023-12-31;59;53.6058;12.1034;Goldberg;Mecklenburg-Vorpommern;Frei
1709;1927-01-01;1990-12-31;360;50.8496;13.9392;Gottleuba, Bad;Sachsen;Frei
1721;1991-01-01;2023-12-31;506;49.664;11.2239;Gräfenberg-Kasberg;Bayern;Frei
1735;1958-01-01;2023-12-31;628;48.7894;13.629;Grainet-Rehberg;Bayern;Frei
1736;1938-01-01;2023-12-31;26;53.5731;10.6797;Grambek;Schleswig-Holstein;Frei
1748;1921-01-01;2005-03-31;608;50.4788;9.262;Grebenhain-Herchenhain;Hessen;Frei
1757;1898-01-01;2023-12-31;2;54.0967;13.4056;Greifswald;Mecklenburg-Vorpommern;Frei
1758;1940-01-01;1977-12-31;2;54.1;13.45;Greifswald-Wieck;Mecklenburg-Vorpommern;Frei
1759;1947-08-01;2023-12-31;12;54.2437;13.9102;Greifswalder Oie;Mecklenburg-Vorpommern;Frei
1762;1897-01-01;2006-12-31;270;50.6249;12.1777;Greiz-Dölau;Thüringen;Frei
1766;1989-10-01;2023-12-31;48;52.1344;7.6969;Münster/Osnabrück;Nordrhein-Westfalen;Frei
1792;2020-08-14;2023-12-31;27;52.7553;7.4815;Groß Berßen;Niedersachsen;Frei
1803;1967-01-01;2023-12-31;35;54.0714;12.3238;Groß Lüsewitz;Mecklenburg-Vorpommern;Frei
1832;1982-11-01;2023-12-31;436;49.1129;13.1338;Großer Arber;Bayern;Frei
1833;1947-01-01;1982-10-31;307;49.0851;13.2801;Grosser Falkenstein;Bayern;Frei
1834;1887-01-01;1978-06-30;913;50.8519;10.4665;Grosser Inselsberg;Thüringen;Frei
1844;1959-01-01;1981-12-31;517;47.9411;11.9004;Feldkirchen-Westerham-Lenzmüh;Bayern;Frei
1849;1949-01-01;1960-12-31;408;48.8126;11.5728;Großmehring-Theißing;Bayern;Frei
1863;1995-03-01;2023-12-31;258;50.2667;9.1854;Gründau-Breitenborn;Hessen;Frei
1869;1973-01-01;2023-12-31;56;53.3154;13.9339;Grünow;Brandenburg;Frei
1873;1957-05-01;1998-12-31;300;51.7956;10.238;Grund, Bad;Niedersachsen;Frei
1875;1950-01-01;2002-12-31;492;48.9354;9.7364;Gschwend, Kr. Ostalb;Baden-Württemberg;Frei
1886;2016-09-01;2023-12-31;444;48.4878;10.2608;Günzburg;Bayern;Frei
1890;1899-01-01;1977-06-30;30;53.7667;12.2167;Güstrow-Schabernack;Mecklenburg-Vorpommern;Frei
1891;1835-01-01;2002-03-31;73;51.877;8.3577;Rheda-Wiedenbrück-Lintel;Nordrhein-Westfalen;Frei
1892;2007-01-01;2012-12-31;72;51.9298;8.3005;Gütersloh (Flugplatz);Nordrhein-Westfalen;Frei
1902;1984-11-01;2000-12-31;413;49.1273;10.7448;Gunzenhausen/Altmühlsee;Bayern;
1920;1978-06-01;2007-12-31;100;51.4129;7.4895;Hagen-Fley;Nordrhein-Westfalen;Frei
1929;1947-01-01;2001-07-31;567;51.8597;10.3368;Hahnenklee;Niedersachsen;Frei
1957;1851-01-01;2015-03-22;93;51.5138;11.9499;Halle-Kröllwitz;Sachsen-Anhalt;Frei
1960;1851-01-01;1966-12-31;102;51.4831;11.9671;Halle (Stadt);Sachsen-Anhalt;Frei
1964;1937-01-01;2023-12-31;328;49.9445;6.3821;Olsdorf;Rheinland-Pfalz;Frei
1972;1912-01-01;1962-09-30;35;53.4793;10.2415;Hamburg-Bergedorf;Hamburg;Frei
1973;1947-01-01;1954-12-31;14;53.5598;9.9874;Hamburg-Botanischer Garten;Hamburg;Frei
1975;1936-01-01;2023-12-31;11;53.6332;9.9881;Hamburg-Fuhlsbüttel;Hamburg;Frei
1979;1938-01-01;2006-12-31;2;53.4213;10.1462;Hamburg-Kirchwerder;Hamburg;Frei
1981;1958-01-01;2023-12-31;4;53.4776;9.8957;Hamburg-Neuwiedenthal;Hamburg;Frei
1986;1978-06-01;1988-04-30;1;53.4699;10.1804;Hamburg-Reitbrook;Hamburg;Frei
1987;1956-01-01;2000-02-29;47;53.5467;9.9662;Hamburg-Sankt Pauli;Hamburg;Frei
1990;1951-01-01;2006-12-31;18;53.5853;10.1293;Hamburg-Wandsbek;Hamburg;Frei
1993;1928-01-01;2007-10-31;68;52.0848;9.3896;Hameln;Niedersachsen;Frei
2000;1995-06-01;1996-09-30;106;50.1205;8.9243;Hanau;Hessen;Frei
2005;1961-01-01;1994-12-31;108;52.7199;10.5984;Hankensbüttel;Niedersachsen;Frei
2014;1856-01-01;2023-12-31;55;52.4644;9.6779;Hannover;Niedersachsen;Frei
2023;1998-01-03;2023-12-31;501;48.7918;10.7062;Harburg;Bayern;Frei
2039;1906-01-01;2023-12-31;203;51.9002;10.5699;Harzburg, Bad;Niedersachsen;Frei
2044;1890-01-01;2023-12-31;404;51.652;11.1366;Harzgerode;Sachsen-Anhalt;Frei
2048;1951-01-01;1959-12-31;3;53.6342;9.6038;Haseldorf;Schleswig-Holstein;Frei
2053;1963-01-01;1975-12-31;461;51.6868;10.8631;Hasselfelde;Sachsen-Anhalt;Frei
2069;1916-01-01;1975-05-31;648;48.8629;13.067;Hausstein;Bayern;Frei
2074;1881-01-01;2023-12-31;518;48.3752;8.98;Hechingen;Baden-Württemberg;Frei
2078;1937-01-01;2002-06-30;10;54.2181;9.0853;Weddingstedt;Schleswig-Holstein;Frei
2080;1871-01-01;2012-09-11;110;49.4206;8.6676;Heidelberg;Baden-Württemberg;Frei
2081;1882-01-01;1960-12-31;561;49.3981;8.7251;Königstuhl;Baden-Württemberg;Frei
2083;1947-01-01;1958-12-31;110;49.4192;8.6051;Heidelberg-Grenzhof;Baden-Württemberg;Frei
2088;1851-01-01;2005-04-30;522;48.6849;10.142;Heidenheim/Brenz;Baden-Württemberg;Frei
2092;1934-01-01;1990-12-31;496;50.1691;7.9949;Heidenrod-Mappershain;Hessen;Frei
2095;1872-01-01;2003-10-31;167;49.1448;9.2333;Heilbronn;Baden-Württemberg;Frei
2110;1938-01-01;2023-12-31;57;51.0411;6.1042;Heinsberg-Schleiden;Nordrhein-Westfalen;Frei
2115;1881-01-01;2023-12-31;4;54.175;7.892;Helgoland;Schleswig-Holstein;Frei
2120;1895-01-01;2006-12-31;140;52.2164;11.0219;Helmstedt;Niedersachsen;Frei
2122;1952-01-01;2002-05-31;2;53.9701;9.0095;Helse, Kr. Dithmarschen;Schleswig-Holstein;Frei
2147;1881-01-01;2007-12-31;77;52.1264;8.6865;Herford;Nordrhein-Westfalen;Frei
2151;1939-01-01;1991-08-31;215;51.0048;10.1705;Herleshausen;Hessen;Frei
2158;1915-01-01;2005-09-30;350;48.8042;8.443;Herrenalb, Bad;Baden-Württemberg;Frei
2159;1978-04-01;1985-03-31;434;48.5915;8.8541;Herrenberg;Baden-Württemberg;Frei
2160;1949-01-01;2000-12-31;360;50.8444;10.6904;Herrenhof;Thüringen;Frei
2166;1951-01-01;1990-12-31;344;51.0167;14.75;Herrnhut;Sachsen;Frei
2167;1948-01-01;2012-03-31;302;49.7672;7.3356;Niederwörresbach;Rheinland-Pfalz;Frei
2171;1931-01-01;2023-12-31;272;50.852;9.7377;Hersfeld, Bad;Hessen;Frei
2173;1976-01-01;2007-12-31;60;51.589;7.1548;Herten;Nordrhein-Westfalen;Frei
2174;1888-01-01;2023-12-31;236;51.6255;10.3695;Herzberg;Niedersachsen;Frei
2201;1931-04-14;2023-12-31;1;54.575;13.1044;Hiddensee-Vitte;Mecklenburg-Vorpommern;Frei
2206;1905-01-01;2008-02-29;117;52.1408;9.8838;Hildesheim;Niedersachsen;Frei
2211;1931-01-01;2023-12-31;295;50.737;7.6525;Hilgenroth;Rheinland-Pfalz;Frei
2221;1980-01-01;1999-10-31;53;47.5408;10.4371;Hindelang-Unterjoch;Bayern;
2223;1960-01-01;2001-12-31;300;50.3674;10.5687;Hindfeld;Thüringen;Frei
2225;1881-01-01;1984-09-30;385;50.9167;14.3667;Hinterhermsdorf;Sachsen;Frei
2226;1960-04-01;2002-09-30;668;50.4707;10.9106;Eisfeld-Waffenrod-Hinterrod;Thüringen;Frei
2228;1946-01-01;2005-03-31;883;47.8983;8.1055;Hinterzarten;Baden-Württemberg;Frei
2244;1881-01-01;1999-09-30;8;47.7327;8.1627;Höchenschwand;Baden-Württemberg;Frei
2250;1926-01-01;2006-07-31;403;49.1279;12.8645;Höllenstein (Kraftwerk);Bayern;Frei
2252;1881-01-01;2023-12-31;271;50.8992;14.7456;Bertsdorf-Hörnitz;Sachsen;Frei
2260;1889-01-01;2006-12-31;474;50.323;11.9077;Hof (Stadt);Bayern;Frei
2261;1947-01-01;2023-12-31;565;50.3123;11.876;Hof;Bayern;Frei
2264;1937-01-01;2002-11-30;242;51.534;9.4789;Hofgeismar-Beberbeck;Hessen;Frei
2268;1938-01-01;2006-12-31;265;50.1351;10.5156;Hofheim;Bayern;Frei
2289;1953-07-01;1966-12-31;28;52.6667;12.3333;Hohennauen;Brandenburg;Frei
2290;1781-01-01;2023-12-31;977;47.8009;11.0108;Hohenpeißenberg;Bayern;Frei
2297;1972-06-01;1995-11-30;80;54.1195;9.7127;Hohenwestedt;Schleswig-Holstein;
2302;1946-09-02;1992-12-31;317;50.9632;11.4847;Hohlstedt-Kötschau;Thüringen;Frei
2303;1937-01-01;2023-12-31;10;54.3162;9.5385;Hohn;Schleswig-Holstein;Frei
2306;1977-11-01;2023-12-31;8;54.3194;10.6732;Hohwacht;Schleswig-Holstein;Frei
2315;2002-01-01;2023-12-31;78;51.7657;13.1666;Holzdorf-Bernsdorf;Brandenburg;Frei
2318;1998-08-01;2000-01-31;397;50.2182;7.9133;Holzhausen a.d. Haide;Rheinland-Pfalz;Frei
2319;1953-01-01;2023-12-31;685;47.8823;11.6961;Holzkirchen;Bayern;Frei
2323;1935-01-01;2023-12-31;110;51.8529;9.4953;Bevern, Kr. Holzminden;Niedersachsen;Frei
2324;1975-06-01;2008-09-30;440;51.7659;9.5447;Holzminden-Silberborn;Niedersachsen;Frei
2327;1938-01-01;2000-06-30;250;50.7316;9.0032;Homberg/Ohm;Hessen;Frei
2331;1953-01-01;2002-12-31;235;49.3278;7.3533;Homburg/Saar;Saarland;Frei
2344;1943-01-01;1964-03-31;582;50.1511;11.698;Horlachen;Bayern;Frei
2349;1938-01-01;2005-08-31;138;48.6136;8.2033;Hornisgrinde;Baden-Württemberg;Frei
2352;1955-01-01;1971-08-31;712;47.6227;8.0177;Hottingen;Baden-Württemberg;
2354;1947-02-01;1959-12-31;118;51.4379;14.2426;Hoyerswerda Kr. Bautzen;Sachsen;Frei
2360;1927-01-01;1978-04-30;438;48.6018;11.6769;Hüll;Bayern;Frei
2362;1982-10-01;2023-12-31;331;50.5651;7.4843;Hümmerich;Rheinland-Pfalz;Frei
2374;1881-01-01;1974-06-30;3;54.4752;9.0564;Husum;Schleswig-Holstein;Frei
2385;2003-01-01;2023-12-31;376;49.6927;7.3263;Idar-Oberstein;Rheinland-Pfalz;Frei
2388;1990-06-01;2003-12-31;193;48.0419;7.6322;Ihringen;Baden-Württemberg;Frei
2393;1923-07-01;1983-12-31;498;50.6805;10.9073;Ilmenau;Thüringen;Frei
2396;1887-01-01;1968-07-31;260;51.8667;10.6833;Ilsenburg;Sachsen-Anhalt;Frei
2406;1980-07-01;2002-11-30;209;49.2967;9.652;Ingelfingen;Baden-Württemberg;Frei
2410;2017-01-01;2023-12-31;364;48.7111;11.5363;Ingolstadt-Manching;Bayern;Frei
2417;1959-01-01;1977-12-31;621;48.1644;12.0307;Mittbach;Bayern;Frei
2422;1931-01-01;1978-06-30;230;51.3768;7.7644;Iserlohn-Westig;Nordrhein-Westfalen;Frei
2423;1881-01-01;2004-04-30;712;47.6894;10.0416;Isny;Baden-Württemberg;Frei
2429;2001-01-01;2023-12-31;20;53.9897;9.5697;Itzehoe;Schleswig-Holstein;Frei
2436;1995-01-01;2006-12-31;55;52.0547;13.2344;Jänickendorf;Brandenburg;
2437;1999-01-01;2023-12-31;21;54.457;9.5203;Schleswig-Jagel;Schleswig-Holstein;Frei
2444;1821-01-01;2023-12-31;155;50.9251;11.583;Jena (Sternwarte);Thüringen;Frei
2451;1954-01-01;2001-08-31;77;51.7954;12.9583;Jessen/Elster;Sachsen-Anhalt;Frei
2456;1873-01-01;2004-06-30;7;53.5322;7.8806;Jever;Niedersachsen;Frei
2464;1937-01-01;1990-10-31;1;53.5316;9.6752;Jork;Niedersachsen;Frei
2474;1976-01-01;2008-12-31;91;50.9104;6.4093;Jülich (Forsch.-Anlage);Nordrhein-Westfalen;Frei
2475;1926-01-01;1983-10-31;75;51.9999;13.101;Jüterbog;Brandenburg;Frei
2477;1970-04-01;2008-12-31;728;47.5938;7.9597;Jungholz (Kühmoos);Baden-Württemberg;
2480;1896-01-01;2023-12-31;108;50.0643;8.993;Kahl/Main;Bayern;Frei
2483;1926-11-01;2023-12-31;839;51.1803;8.4891;Kahler Asten;Nordrhein-Westfalen;Frei
2485;2011-05-01;2023-12-31;489;48.917;9.6871;Kaisersbach-Cronhütte;Baden-Württemberg;Frei
2486;1881-01-01;2023-12-31;271;49.4262;7.7557;Kaiserslautern;Rheinland-Pfalz;Frei
2488;1894-01-01;2002-09-30;516;48.7701;10.7876;Kaisheim-Neuhof;Bayern;Frei
2494;2001-01-01;2008-12-31;31;51.7329;6.2688;Kalkar;Nordrhein-Westfalen;Frei
2497;1937-01-01;2023-12-31;505;50.5014;6.5264;Kall-Sistig;Nordrhein-Westfalen;Frei
2502;1946-06-15;1976-12-31;447;51.318;10.1348;Heiligenstadt, Heilbad-Kalten;Thüringen;Frei
2503;1946-05-01;2003-03-31;487;50.6266;10.1455;Kaltennordheim;Thüringen;Frei
2506;1923-01-01;1963-08-31;270;51.2667;14.0833;Kamenz;Sachsen;Frei
2521;1896-01-01;1994-03-31;376;48.6725;11.3092;Karlshuld;Bayern;Frei
2522;1851-01-01;2008-10-31;112;49.0382;8.3641;Karlsruhe;Baden-Württemberg;Frei
2532;1880-01-01;2013-10-31;231;51.2963;9.4424;Kassel;Hessen;Frei
2533;1863-01-01;1977-06-30;198;51.334;9.4506;Kassel-Harleshausen;Hessen;Frei
2536;1951-01-01;1992-12-31;283;51.3173;9.4145;Kassel-Wilhelmshöhe (A);Hessen;
2542;1940-01-01;2016-03-31;716;47.8652;10.6007;Kaufbeuren;Bayern;Frei
2543;1968-01-01;2008-12-31;585;48.0916;10.8609;Kaufering;Bayern;Frei
2546;1988-10-01;2003-12-31;140;48.5576;7.88;Kehl-Odelshofen;Baden-Württemberg;Frei
2559;1881-01-01;2023-12-31;705;47.7233;10.3348;Kempten;Bayern;Frei
2564;1881-01-01;2023-12-31;28;54.3776;10.1424;Kiel-Holtenau;Schleswig-Holstein;Frei
2565;1880-01-01;1988-09-30;17;54.3378;10.0929;Kiel-Kronshagen;Schleswig-Holstein;Frei
2575;2007-05-24;2023-12-31;432;49.1804;9.98;Kirchberg/Jagst-Herboldshause;Baden-Württemberg;Frei
2578;1868-01-01;2023-12-31;14;53.9995;11.4341;Kirchdorf/Poel;Mecklenburg-Vorpommern;Frei
2597;1881-01-01;2023-12-31;282;50.224;10.0792;Kissingen, Bad;Bayern;Frei
2600;1941-01-01;2023-12-31;193;49.7363;10.1781;Kitzingen;Bayern;Frei
2601;1905-01-01;2023-12-31;822;50.2218;8.4469;Kleiner Feldberg/Taunus;Hessen;Frei
2609;1974-09-01;1981-03-31;40;53.9587;10.3293;Klein Rönnau;Schleswig-Holstein;Frei
2618;1958-01-01;2023-12-31;732;50.8458;10.4803;Kleiner Inselsberg;Thüringen;Frei
2621;1956-01-01;1969-12-31;42;52.4045;13.2134;Kleinmachnow;Brandenburg;Frei
2627;1996-07-01;2023-12-31;128;51.5554;13.8845;Schipkau-Klettwitz;Brandenburg;Frei
2629;1851-01-01;2023-12-31;46;51.7612;6.0954;Kleve;Nordrhein-Westfalen;Frei
2638;1928-01-01;2023-12-31;974;48.1054;8.7548;Klippeneck;Baden-Württemberg;Frei
2641;1994-10-01;2023-12-31;90;51.5185;12.9065;Klitzschen bei Torgau;Sachsen;Frei
2649;1937-11-01;1945-01-31;310;50.9138;11.8616;Klosterlausnitz, Bad;Thüringen;Frei
2654;1928-01-01;1983-10-31;200;49.0265;8.7554;Knittlingen;Baden-Württemberg;Frei
2657;1913-01-01;2008-01-31;85;50.3369;7.5992;Koblenz-Horchheim;Rheinland-Pfalz;Frei
2665;1851-01-01;1984-12-31;45;50.9615;6.9712;Köln-Botanischer Garten;Nordrhein-Westfalen;Frei
2667;1957-09-01;2023-12-31;91;50.8645;7.1575;Köln/Bonn;Nordrhein-Westfalen;Frei
2680;1948-01-01;2023-12-31;289;50.284;10.4456;Königshofen, Bad;Bayern;Frei
2689;1950-01-01;1960-12-31;40;53.2279;9.6527;Königsmoor;Niedersachsen;Frei
2691;1994-04-01;2008-12-31;378;48.6707;11.2173;Königsmoos-Untermaxfeld;Bayern;Frei
2693;1941-01-01;1989-06-30;380;50.1855;8.4698;Königstein/Taunus;Hessen;Frei
2698;1958-06-01;1987-08-31;90;51.6723;11.7791;Könnern;Sachsen-Anhalt;Frei
2700;1947-01-01;2023-12-31;416;48.8302;11.4872;Kösching;Bayern;Frei
2701;1931-01-01;2007-03-31;136;51.1329;11.7252;Kösen, Bad;Sachsen-Anhalt;Frei
2703;1998-01-01;2000-10-10;496;51.855;9.3239;Köterberg;Nordrhein-Westfalen;Frei
2704;1900-01-01;2023-12-31;76;51.7511;12.0094;Köthen (Anhalt);Sachsen-Anhalt;Frei
2708;1991-08-01;2023-12-31;742;47.6652;11.0805;Kohlgrub, Bad (Rosshof);Bayern;Frei
2712;1947-01-01;2023-12-31;428;47.6952;9.1307;Konstanz;Baden-Württemberg;Frei
2713;1947-01-01;1974-12-31;398;47.66;9.1649;Konstanz (Stadtgärtnerei);Baden-Württemberg;Frei
2717;1989-06-01;2005-12-31;395;51.2662;8.8309;Korbach-Lengefeld;Hessen;Frei
2738;1882-01-01;1996-04-30;776;47.6448;11.7438;Kreuth;Bayern;Frei
2750;1949-01-01;2023-12-31;310;50.2524;11.3209;Kronach;Bayern;Frei
2757;1957-01-01;1983-12-31;238;47.9077;7.702;Krozingen, Bad;Baden-Württemberg;
2760;1910-01-01;1956-09-30;45;52.288;12.0707;Krüssau;Sachsen-Anhalt;Frei
2761;1950-01-01;1990-10-31;520;48.251;10.4163;Krumbach-Edenhausen;Bayern;Frei
2770;1973-07-01;1974-08-31;35;53.9015;10.2359;Kükels;Schleswig-Holstein;Frei
2773;2001-01-01;2023-12-31;416;49.4283;11.9016;Kümmersbruck;Bayern;Frei
2775;1931-01-01;1980-06-30;225;49.2795;9.6925;Künzelsau;Baden-Württemberg;Frei
2780;1960-01-01;1982-05-31;330;50.1003;11.4494;Kulmbach;Bayern;Frei
2783;1966-09-01;1992-08-31;436;48.5126;12.1513;Kumhausen;Bayern;Frei
2790;1881-01-01;1981-08-31;296;49.5592;7.4134;Kusel-Fünfbirken;Rheinland-Pfalz;Frei
2794;1887-01-01;2023-12-31;40;52.9362;12.4093;Kyritz;Brandenburg;Frei
2796;2001-01-01;2023-12-31;40;53.9156;12.279;Laage-Kronskamp;Mecklenburg-Vorpommern;Frei
2812;1950-01-01;2023-12-31;156;48.3647;7.828;Lahr;Baden-Württemberg;Frei
2814;1949-01-01;2023-12-31;687;48.5122;9.7644;Merklingen;Baden-Württemberg;Frei
2821;1948-01-01;1957-12-31;214;51.9603;10.0157;Lamspringe;Niedersachsen;Frei
2829;2001-01-01;2017-12-31;617;48.0772;10.9144;Landsberg (Flugplatz);Bayern;Frei
2830;1926-01-01;1967-12-31;602;48.0349;10.8709;Landsberg/Lech;Bayern;Frei
2831;1881-01-01;2008-03-31;393;48.5357;12.1132;Landshut;Bayern;Frei
2856;1993-06-01;2023-12-31;91;51.9173;13.0878;Langenlipsdorf;Brandenburg;Frei
2857;1881-01-01;1958-11-30;175;51.1173;10.6568;Langensalza, Bad;Thüringen;Frei
2861;1930-01-01;1986-06-30;5;53.7445;7.4775;Langeoog;Niedersachsen;Frei
2872;1946-01-01;1950-12-31;15;52.8457;7.3489;Lathen;Niedersachsen;Frei
2878;1947-04-01;2023-12-31;117;51.3909;11.8786;Lauchstädt, Bad;Sachsen-Anhalt;Frei
2879;1948-01-01;1985-12-31;199;49.5781;9.7142;Lauda-Königshofen-Gerlachshei;Baden-Württemberg;Frei
2886;2002-01-01;2023-12-31;539;48.2175;9.9097;Laupheim;Baden-Württemberg;Frei
2889;1973-01-01;1991-09-30;300;51.6323;10.4737;Lauterberg, Bad (A);Niedersachsen;Frei
2905;2001-01-01;2023-12-31;550;48.1849;10.8507;Lechfeld;Bayern;Frei
2906;1951-01-01;1975-02-28;5;54.775;8.9808;Leck (A);Schleswig-Holstein;Frei
2907;1974-11-01;2023-12-31;7;54.7903;8.9514;Leck;Schleswig-Holstein;Frei
2912;1951-01-01;1974-11-30;9;54.7419;9.8791;Lehbek;Schleswig-Holstein;Frei
2915;1938-01-01;1961-12-31;640;50.4833;11.45;Lehesten/Thüringer Wald;Thüringen;Frei
2920;1978-09-01;1997-06-30;365;48.7654;12.5121;Leiblfing;Bayern;Frei
2923;1954-01-01;1970-05-31;663;47.9116;10.6124;Leinau;Bayern;Frei
2925;1957-01-01;2023-12-31;356;51.3932;10.3123;Leinefelde;Thüringen;Frei
2928;1851-01-01;2023-12-31;138;51.3151;12.4462;Leipzig-Holzhausen;Sachsen;Frei
2931;1947-01-01;1972-04-30;128;51.392;12.3962;Leipzig-Mockau;Sachsen;Frei
2932;1934-01-01;2023-12-31;131;51.4347;12.2396;Leipzig/Halle;Sachsen;Frei
2947;1962-04-01;2023-12-31;286;51.1333;8.0348;Lennestadt-Theten;Nordrhein-Westfalen;Frei
2949;1851-01-01;2002-01-31;758;48.5396;9.5275;Lenningen-Schopfloch;Baden-Württemberg;Frei
2950;1962-04-01;2006-12-31;14;54.219;10.8844;Lensahn;Schleswig-Holstein;Frei
2951;1994-10-01;2023-12-31;20;53.1007;11.4864;Lenzen/Elbe;Brandenburg;Frei
2953;1946-01-01;2023-12-31;854;47.8597;8.2308;Lenzkirch-Ruhbühl;Baden-Württemberg;Frei
2961;1998-01-01;2023-12-31;0;54.4996;10.2737;Leuchtturm Kiel;Schleswig-Holstein;Frei
2963;1929-01-01;1978-12-31;92;51.3167;12.0333;Leunawerke;Sachsen-Anhalt;Frei
2968;1903-01-01;2023-12-31;43;50.9894;6.9777;Köln-Stammheim;Nordrhein-Westfalen;Frei
2985;1991-01-01;2023-12-31;321;50.9383;14.2094;Lichtenhain-Mittelndorf;Sachsen;Frei
2996;1938-01-01;1960-12-31;352;48.7726;8.7287;Liebenzell, Bad;Baden-Württemberg;Frei
3001;1950-01-01;1990-05-31;284;48.0674;7.677;Liliental;Baden-Württemberg;Frei
3004;1948-01-01;1999-06-30;185;50.4116;8.0605;Limburg/Lahn-Offheim;Hessen;Frei
3007;1922-01-01;1955-12-31;96;49.4111;8.398;Limburgerhof;Rheinland-Pfalz;Frei
3015;1906-04-01;2023-12-31;98;52.2085;14.118;Lindenberg;Brandenburg;Frei
3016;1970-06-01;1988-04-30;760;47.598;9.8878;Lindenberg/Allgäu;Bayern;Frei
3017;1984-07-01;2010-04-16;341;49.68;8.7823;Lindenfels;Hessen;Frei
3018;1923-01-01;2005-12-31;445;49.7117;8.7804;Lindenfels-Winterkasten;Hessen;Frei
3023;1855-01-01;2016-12-31;22;52.5181;7.3081;Lingen;Niedersachsen;Frei
3028;1951-01-01;2023-12-31;157;51.7854;8.8388;Lippspringe, Bad;Nordrhein-Westfalen;Frei
3031;1980-12-01;2023-12-31;92;51.6336;8.3945;Lippstadt-Bökenförde;Nordrhein-Westfalen;Frei
3032;1937-01-01;2023-12-31;25;55.011;8.4125;List auf Sylt;Schleswig-Holstein;Frei
3034;1940-01-01;2023-12-31;496;50.4505;11.635;Lobenstein, Bad;Thüringen;Frei
3042;1993-07-01;2023-12-31;230;50.5617;8.2386;Löhnberg-Obershausen;Hessen;Frei
3044;1881-01-01;2018-05-31;22;52.7198;7.7472;Löningen;Niedersachsen;Frei
3045;1993-05-01;2007-06-30;27;52.7432;7.8763;Löningen-Hagel;Niedersachsen;Frei
3056;1904-01-01;2005-10-31;161;50.0103;9.61;Lohr/Main-Steinbach;Bayern;Frei
3062;1911-01-01;1989-05-31;100;50.0352;7.8197;Lorch/Rhein;Hessen;Frei
3076;1895-01-01;1956-12-31;95;49.4606;8.4246;Ludwigshafen-Mundenheim;Rheinland-Pfalz;Frei
3082;1935-01-01;1974-12-31;56;51.9333;13.8833;Lübben;Brandenburg;Frei
3083;1991-10-01;2023-12-31;57;51.9267;13.8797;Lübben-Blumenfelde;Brandenburg;Frei
3085;1950-01-01;1985-02-28;15;53.8773;10.6915;Lübeck;Schleswig-Holstein;Frei
3086;1940-01-01;2023-12-31;15;53.8025;10.6989;Lübeck-Blankensee;Schleswig-Holstein;Frei
3088;1881-01-01;1973-06-30;5;53.8953;10.704;Lübeck-Werft;Schleswig-Holstein;Frei
3093;1954-12-01;2023-12-31;16;52.9724;11.1374;Lüchow;Niedersachsen;Frei
3096;1922-01-01;1995-12-31;444;51.2131;7.6359;Lüdenscheid (Zeppelin-Gymnasi;Nordrhein-Westfalen;Frei
3098;1994-01-01;2023-12-31;387;51.2452;7.6425;Lüdenscheid;Nordrhein-Westfalen;Frei
3101;1950-01-01;1995-09-30;58;51.7694;7.4128;Lüdinghausen;Nordrhein-Westfalen;Frei
3103;1855-01-01;1997-12-31;11;53.2657;10.424;Lüneburg;Niedersachsen;Frei
3113;1991-01-01;1991-07-31;528;50.7663;10.7201;Luisenthal/Ohra;Thüringen;Frei
3126;1834-01-01;2023-12-31;79;52.1029;11.5827;Magdeburg;Sachsen-Anhalt;Frei
3135;1927-01-01;1983-03-31;473;49.0643;9.582;Mainhardt-Ziegelbronn;Baden-Württemberg;Frei
3137;1881-01-01;2023-12-31;199;49.9658;8.2049;Mainz-Lerchenberg (ZDF);Rheinland-Pfalz;Frei
3139;1983-11-01;2004-12-31;509;48.2166;11.2965;Maisach-Gernlinden;Bayern;Frei
3147;1952-01-01;2023-12-31;390;48.7548;12.2118;Mallersdorf-Pfaffenberg-Oberl;Bayern;Frei
3155;1938-01-01;2023-12-31;415;50.1015;6.8009;Manderscheid-Sonnenhof;Rheinland-Pfalz;Frei
3158;1985-01-01;2023-12-31;12;52.5468;14.5453;Manschnow;Brandenburg;Frei
3160;1952-01-01;1980-12-31;240;51.6084;11.4139;Vatterode-Gräfenstuhl;Sachsen-Anhalt;Frei
3164;1881-01-01;2023-12-31;187;50.8492;8.7745;Cölbe, Kr. Marburg-Biedenkopf;Hessen;Frei
3166;1955-08-01;2023-12-31;639;50.6511;13.1469;Marienberg;Sachsen;Frei
3167;1962-12-01;2023-12-31;547;50.6621;7.9603;Marienberg, Bad;Rheinland-Pfalz;Frei
3170;1907-01-01;1956-12-31;9;54.4937;11.2411;Marienleuchte;Schleswig-Holstein;Frei
3181;2021-08-01;2023-12-31;360;49.4875;10.6277;Markt Erlbach-Hagenhofen;Bayern;Frei
3196;1881-01-01;2023-12-31;81;53.3222;11.9321;Marnitz;Mecklenburg-Vorpommern;Frei
3204;1983-11-01;2023-12-31;429;50.7335;10.8815;Martinroda;Thüringen;Frei
3211;1936-01-01;1956-12-31;12;48.9359;13.5746;Mauth-Finsterau;Bayern;Frei
3212;1960-01-01;2002-12-31;230;50.3249;7.23;Mayen;Rheinland-Pfalz;Frei
3222;1961-01-01;1978-12-31;60;52.3411;9.1403;Meerbeck;Niedersachsen;Frei
3223;1881-01-01;1977-09-30;460;47.6985;9.2753;Meersburg;Baden-Württemberg;Frei
3226;2006-08-01;2023-12-31;107;51.7259;11.5109;Aschersleben-Mehringen;Sachsen-Anhalt;Frei
3227;1933-01-01;1980-11-30;216;51.8936;8.9842;Meinberg, Bad;Nordrhein-Westfalen;Frei
3228;1979-08-01;1995-12-31;506;51.0976;7.667;Meinerzhagen (A);Nordrhein-Westfalen;Frei
3231;1878-01-01;2023-12-31;450;50.5611;10.3771;Meiningen;Thüringen;Frei
3234;1956-06-01;2023-12-31;158;51.1294;13.4328;Klipphausen-Garsebach;Sachsen;Frei
3236;1986-07-01;2001-12-31;85;52.2147;8.3833;Melle;Niedersachsen;Frei
3244;1940-01-01;2023-12-31;614;47.9821;10.1384;Memmingen;Bayern;Frei
3246;2002-01-01;2002-12-31;181;50.3667;7.3167;Mendig;Rheinland-Pfalz;Frei
3253;1949-01-01;2006-12-31;882;47.8309;8.0698;Sankt Blasien-Menzenschwand;Baden-Württemberg;Frei
3254;2019-01-01;2023-12-31;19;52.7155;7.3176;Meppen;Niedersachsen;Frei
3257;1881-01-01;2022-09-30;278;49.4797;9.7832;Mergentheim, Bad;Baden-Württemberg;Frei
3265;1947-01-01;1962-12-31;297;49.922;9.2872;Mespelbrunn;Bayern;Frei
3268;2003-01-01;2023-12-31;900;48.1694;8.9433;Meßstetten-Appental;Baden-Württemberg;Frei
3271;1881-01-01;2023-12-31;314;48.8548;12.9189;Metten;Bayern;Frei
3274;1992-10-01;2011-12-31;415;49.507;6.5215;Mettlach-Orscholz (Kurort);Saarland;Frei
3278;1925-01-01;2023-12-31;354;48.5377;9.2734;Metzingen;Baden-Württemberg;Frei
3284;1901-01-01;2023-12-31;240;49.6692;9.0085;Michelstadt;Hessen;Frei
3287;1987-10-01;2023-12-31;453;49.7177;9.0997;Michelstadt-Vielbrunn;Hessen;Frei
3289;1972-10-01;2023-12-31;356;50.7281;11.7838;Schmieritz-Weltwitz;Thüringen;Frei
3291;1980-11-01;2003-12-31;129;49.712;9.2258;Miltenberg;Bayern;Frei
3300;1974-05-01;1993-03-31;155;50.2285;9.1064;Mittel-Gründau;Hessen;Frei
3307;1890-01-01;2022-12-31;983;47.4814;11.2649;Mittenwald-Buckelwiesen;Bayern;Frei
3313;1911-01-01;1972-03-31;508;49.7328;8.7771;Modautal-Neunkirchen;Hessen;Frei
3317;1975-07-01;1984-09-30;42;53.6128;10.6943;Mölln;Schleswig-Holstein;Frei
3319;2006-09-01;2023-12-31;239;49.7644;9.253;Röllbach;Bayern;Frei
3320;1934-01-01;1953-05-31;49;51.197;6.4499;Mönchengladbach;Nordrhein-Westfalen;Frei
3321;2023-05-01;2024-09-30;76;51.1313;6.3608;Mönchengladbach-Hilderath;Nordrhein-Westfalen;Frei
3340;1938-01-01;2022-03-28;265;50.4383;7.8061;Montabaur;Rheinland-Pfalz;Frei
3348;1990-07-01;2023-12-31;241;51.7209;9.8351;Moringen-Lutterbeck;Niedersachsen;Frei
3358;1957-01-01;1979-12-31;147;51.3162;14.7037;Mücka;Sachsen;Frei
3362;1998-01-01;2023-12-31;243;48.9721;8.8735;Mühlacker;Baden-Württemberg;Frei
3366;1953-01-01;2023-12-31;406;48.279;12.5024;Mühldorf;Bayern;Frei
3370;1949-01-01;2004-11-30;300;51.2076;10.3956;Mühlhausen;Thüringen;Frei
3376;1929-01-01;2023-12-31;64;52.5176;14.1232;Müncheberg;Brandenburg;Frei
3379;1954-06-01;2023-12-31;515;48.1632;11.5429;München-Stadt;Bayern;Frei
3382;1801-01-01;1953-12-31;521;48.1441;11.6;München-Bogenhausen;Bayern;Frei
3383;1879-01-01;1954-12-31;515;48.1635;11.5019;München-Botanischer Garten;Bayern;Frei
3385;1955-01-01;1999-03-31;515;48.166;11.5011;München-Nymphenburg;Bayern;Frei
3388;1994-02-01;1997-01-31;542;48.0919;11.6486;München-Perlach;Bayern;Frei
3390;1937-01-01;1992-05-16;529;48.1369;11.7094;München-Riem;Bayern;Frei
3402;1881-01-01;2023-12-31;755;48.3851;9.4837;Münsingen-Apfelstetten;Baden-Württemberg;Frei
3404;1853-01-01;1991-12-31;62;51.9494;7.5906;Münster;Nordrhein-Westfalen;Frei
3419;1962-11-01;1989-10-31;557;50.5852;11.4928;Leutenberg-Steinsdorf;Thüringen;Frei
3425;1925-01-01;2004-05-31;344;48.9729;9.5712;Murrhardt;Baden-Württemberg;Frei
3426;1936-05-18;2023-12-31;127;51.566;14.7008;Muskau, Bad;Sachsen;Frei
3432;1924-01-01;1995-03-31;380;48.5675;8.7179;Nagold;Baden-Württemberg;Frei
3442;1901-01-01;2023-12-31;149;50.3574;8.7506;Nauheim, Bad;Hessen;Frei
3478;1927-01-01;2005-02-28;81;53.5468;13.1914;Neubrandenburg;Mecklenburg-Vorpommern;Frei
3484;2002-01-01;2023-12-31;379;48.7085;11.2147;Neuburg an der Donau;Bayern;Frei
3485;1991-06-01;2023-12-31;487;48.3114;10.3773;Neuburg/Kammel-Langenhaslach;Bayern;Frei
3486;1949-01-01;2004-12-31;212;49.2931;9.2722;Neudenau;Baden-Württemberg;Frei
3490;1930-01-01;2023-12-31;111;50.5346;7.0853;Neuenahr, Bad-Ahrweiler;Rheinland-Pfalz;Frei
3509;2004-10-01;2023-12-31;78;53.102;13.0421;Stechlin-Menz;Brandenburg;Frei
3513;1883-01-01;2023-12-31;845;50.5003;11.1345;Neuhaus am Rennweg;Thüringen;Frei
3518;1981-10-01;1993-11-30;793;47.976;8.9101;Neuhausen ob Eck;Baden-Württemberg;Frei
3519;1993-12-01;2003-12-31;663;47.9519;8.9932;Neuhausen ob Eck-Unterschwand;Baden-Württemberg;Frei
3527;1891-01-01;2023-12-31;500;50.8923;9.405;Neukirchen-Hauptschwenda;Hessen;Frei
3532;1948-01-01;1976-11-30;4;54.3609;10.6015;Neuland;Schleswig-Holstein;Frei
3537;1856-01-01;2007-08-31;26;54.0873;9.9791;Neumünster;Schleswig-Holstein;Frei
3540;1992-09-01;2023-12-31;195;50.8446;7.372;Neunkirchen-Seelscheid-Krawin;Nordrhein-Westfalen;Frei
3541;1962-08-01;1992-02-29;185;50.8956;7.3081;Neunkirchen-Seelscheid-Meisen;Nordrhein-Westfalen;Frei
3545;1953-01-01;2023-12-31;236;49.344;7.2297;Neunkirchen-Wellesweiler;Saarland;Frei
3552;1940-01-01;2019-04-07;38;52.9037;12.8071;Neuruppin;Brandenburg;Frei
3565;1947-01-01;2002-01-31;315;49.5728;10.6001;Neustadt/Aisch;Bayern;Frei
3571;2008-03-01;2023-12-31;452;49.8174;11.8638;Neustadt am Kulm-Filchendorf;Bayern;Frei
3575;1925-01-01;1982-12-31;163;49.357;8.1405;Neustadt/Weinstraße;Rheinland-Pfalz;Frei
3576;1976-01-01;2002-10-31;125;49.3478;8.1822;Neustadt/Weinstraße (Heidehof;Rheinland-Pfalz;Frei
3577;1881-01-01;1976-06-30;64;53.3585;13.0502;Neustrelitz;Mecklenburg-Vorpommern;Frei
3578;1981-10-01;2006-12-31;341;48.9831;12.1444;Regensburg-Burgweinting;Bayern;Frei
3590;1959-01-01;2005-09-30;180;50.2335;8.8923;Nidderau-Windecken;Hessen;Frei
3591;1994-01-01;2023-12-31;350;50.6743;6.424;Nideggen-Schmidt;Nordrhein-Westfalen;Frei
3595;1966-05-01;2003-06-30;250;50.4107;7.808;Niederelbert;Rheinland-Pfalz;Frei
3603;2003-01-01;2022-12-31;459;49.3895;9.9666;Niederstetten;Baden-Württemberg;Frei
3605;1927-01-01;1980-10-31;451;48.5334;10.2427;Niederstotzingen;Baden-Württemberg;Frei
3612;1898-01-01;2023-12-31;25;52.6711;9.2229;Nienburg;Niedersachsen;Frei
3621;1900-01-01;2023-12-31;435;48.8253;10.5067;Reimlingen;Bayern;Frei
3623;2002-01-01;2023-12-31;108;50.8294;6.6601;Nörvenich-Niederbolheim;Nordrhein-Westfalen;Frei
3631;1859-01-01;2023-12-31;12;53.7123;7.1519;Norderney;Niedersachsen;Frei
3639;2001-01-01;2023-12-31;24;53.7647;8.6584;Nordholz-Wanhöden;Niedersachsen;Frei
3640;1936-01-01;2006-12-31;25;52.4123;7.064;Nordhorn-Blanke;Niedersachsen;Frei
3658;1980-07-01;2005-01-31;303;50.9095;7.5725;Nümbrecht-Distelkamp;Nordrhein-Westfalen;Frei
3659;1931-01-01;1995-02-28;627;50.3391;6.9501;Nürburg;Rheinland-Pfalz;Frei
3660;1995-03-06;2023-12-31;485;50.3602;6.8697;Nürburg-Barweiler;Rheinland-Pfalz;Frei
3666;1881-01-01;1974-12-31;335;49.5008;11.107;Nürnberg-Buchenbuehl;Bayern;Frei
3667;1975-01-01;2023-12-31;369;49.4258;11.2539;Nürnberg-Netzstall;Bayern;Frei
3668;1879-01-01;2023-12-31;314;49.503;11.0549;Nürnberg;Bayern;Frei
3671;1955-01-01;1991-03-31;280;48.6321;9.3261;Nürtingen;Baden-Württemberg;Frei
3672;1948-05-01;1954-12-31;457;48.6207;8.8962;Nufringen;Baden-Württemberg;Frei
3679;1937-01-01;2023-12-31;518;47.6187;12.1665;Kiefersfelden-Gach;Bayern;Frei
3694;1914-01-01;1981-12-09;810;50.7005;10.7256;Oberhof;Thüringen;Frei
3702;1958-01-01;2006-12-31;515;47.878;7.8288;Münstertal-Obermünstertal;Baden-Württemberg;
3705;1982-07-01;2004-12-31;475;48.3147;8.5735;Oberndorf/Neckar-Aistaig;Baden-Württemberg;Frei
3722;1923-01-01;2006-05-31;484;48.2443;11.5528;Oberschleißheim;Bayern;Frei
3727;1983-10-01;2001-09-30;800;47.5619;10.0313;Oberstaufen-Kalzhofen;Bayern;
3730;1886-01-01;2023-12-31;806;47.3984;10.2759;Oberstdorf;Bayern;Frei
3734;2004-07-01;2023-12-31;232;49.128;9.3525;Obersulm-Willsbach;Baden-Württemberg;Frei
3735;1936-07-01;1958-12-31;455;48.2635;12.276;Obertaufkirchen;Bayern;Frei
3739;1948-10-01;2023-12-31;596;49.4521;12.4365;Oberviechtach;Bayern;Frei
3744;1971-12-01;1975-06-30;125;51.6018;9.5383;Oberweser-Gieselwerder;Hessen;Frei
3751;1988-06-01;1997-12-31;626;48.0449;9.8822;Ochsenhausen-Mittelbuch;Baden-Württemberg;Frei
3752;1959-09-01;1982-09-30;14;50.03;11.8074;Ochsenkopf;Bayern;Frei
3753;1964-01-01;1993-03-31;56;52.2042;7.1784;Ochtrup;Nordrhein-Westfalen;Frei
3756;1963-06-01;1984-12-31;62;52.4386;10.99;Oebisfelde;Sachsen-Anhalt;Frei
3761;1947-01-01;2023-12-31;276;49.207;9.5176;Öhringen;Baden-Württemberg;Frei
3776;1903-01-01;1995-10-31;110;50.0946;8.7546;Offenbach/M. (Stadt);Hessen;Frei
3777;1958-01-01;2003-12-31;153;48.4593;7.9255;Offenburg;Baden-Württemberg;Frei
3788;1960-06-01;1985-12-31;305;50.8646;14.7628;Olbersdorf;Sachsen;Frei
3790;1873-01-01;1989-09-30;5;53.1018;8.2516;Oldenburg (A);Niedersachsen;Frei
3791;1989-10-01;2012-09-30;11;53.1763;8.1824;Oldenburg;Niedersachsen;Frei
3811;1941-10-01;2023-12-31;150;51.296;13.0928;Oschatz;Sachsen;Frei
3815;1881-01-01;2010-11-30;95;52.2553;8.0534;Osnabrück;Niedersachsen;Frei
3818;1956-01-01;1966-12-31;29;52.7167;11.7333;Osterburg;Sachsen-Anhalt;Frei
3821;1984-08-01;2023-12-31;244;51.0872;11.9293;Osterfeld;Sachsen-Anhalt;Frei
3825;1961-01-01;1977-12-31;338;49.5033;7.2773;Osterhof;Saarland;Frei
3836;1972-05-01;2023-12-31;314;50.4538;10.2211;Ostheim v.d. Rhön;Bayern;Frei
3856;1921-01-01;1993-06-30;10;47.6383;10.4313;Oy-Mittelberg;Bayern;Frei
3857;1993-10-01;2023-12-31;886;47.6362;10.3892;Oy-Mittelberg-Petersthal;Bayern;Frei
3867;1937-01-01;1956-12-31;5;53.0657;7.464;Papenburg;Niedersachsen;Frei
3875;1950-01-01;2023-12-31;549;49.151;11.6897;Parsberg/Oberpfalz-Eglwang;Bayern;Frei
3878;1881-01-01;1957-12-31;329;48.5805;13.4152;Passau-Maierhof;Bayern;Frei
3879;1947-01-01;1997-01-03;409;48.5779;13.4694;Passau-Oberhaus;Bayern;Frei
3883;1970-03-01;1998-01-31;442;50.5999;11.9966;Pausa-Unterreichenau;Sachsen;Frei
3897;1998-01-01;2023-12-31;2;54.0893;10.8773;Pelzerhaken;Schleswig-Holstein;Frei
3903;1950-01-01;2004-09-30;175;49.5114;6.3857;Perl-Besch;Saarland;Frei
3904;1965-01-01;2023-12-31;152;49.5354;6.3789;Perl-Nennig;Saarland;Frei
3915;1947-01-01;1954-12-31;142;51.9887;13.3633;Petkus;Brandenburg;Frei
3922;1975-11-01;2001-06-30;438;49.1162;10.8596;Pfofeld-Langlau;Bayern;Frei
3924;1899-01-01;2005-08-31;246;48.9059;8.7412;Pforzheim-Eutingen;Baden-Württemberg;Frei
3925;2005-09-01;2023-12-31;332;48.9329;8.6973;Pforzheim-Ispringen;Baden-Württemberg;Frei
3927;1958-01-01;2023-12-31;630;47.9345;9.2869;Pfullendorf;Baden-Württemberg;Frei
3929;1948-01-01;1985-09-30;100;49.2511;8.4415;Philippsburg;Baden-Württemberg;Frei
3939;1940-01-01;2023-12-31;382;49.1912;7.5879;Pirmasens;Rheinland-Pfalz;Frei
3946;1881-01-01;2023-12-31;387;50.4818;12.13;Plauen;Sachsen;Frei
3955;1950-01-01;1997-01-31;24;54.159;10.402;Plön (See);Schleswig-Holstein;Frei
3974;1949-03-01;1993-06-30;368;49.5058;11.5142;Pommelsbrunn;Bayern;Frei
3975;1950-01-01;2023-12-31;522;49.4777;11.5357;Pommelsbrunn-Mittelburg;Bayern;Frei
3987;1893-01-01;2023-12-31;81;52.3812;13.0622;Potsdam;Brandenburg;Frei
3988;1886-01-01;2019-12-31;81;52.3822;13.0622;Potsdam (Säkularstation);Brandenburg;Frei
4005;1931-01-01;1957-12-31;530;47.8588;12.3624;Prien-Stock;Bayern;Frei
4018;1940-01-01;1983-08-31;550;48.1877;11.2206;Puch;Bayern;Frei
4024;1853-11-01;2023-12-31;40;54.3643;13.4771;Putbus;Mecklenburg-Vorpommern;Frei
4029;1940-01-01;1957-12-31;25;52.6691;7.9544;Quakenbrück;Niedersachsen;Frei
4032;1887-01-01;2023-12-31;142;51.7953;11.132;Quedlinburg;Sachsen-Anhalt;Frei
4036;1953-06-01;2023-12-31;204;51.3895;11.5412;Querfurt-Mühle Lodersleben;Sachsen-Anhalt;Frei
4038;1947-01-01;1977-06-30;27;53.7276;9.9071;Quickborn (Kurzer Kamp);Schleswig-Holstein;Frei
4039;1974-12-01;2023-12-31;11;53.7331;9.8776;Quickborn;Schleswig-Holstein;Frei
4053;1953-01-01;1996-12-31;407;47.7457;9.0006;Radolfzell-Markelfingen;Baden-Württemberg;Frei
4063;1950-01-01;2023-12-31;41;52.4461;8.5906;Rahden-Kleinendorf;Nordrhein-Westfalen;Frei
4066;1986-11-01;1999-01-31;553;47.9091;11.1048;Raisting;Bayern;Frei
4077;1937-01-01;1939-07-31;114;48.8471;8.1868;Rastatt;Baden-Württemberg;Frei
4079;1939-01-01;2005-06-30;200;51.1765;11.4183;Rastenberg;Thüringen;Frei
4091;1962-07-01;1998-06-30;640;47.7327;12.6827;Rauschberg bei Ruhpolding;Bayern;Frei
4094;1919-01-01;2023-12-31;441;47.8062;9.6206;Weingarten, Kr. Ravensburg;Baden-Württemberg;Frei
4100;1954-01-01;1973-12-31;109;51.6243;7.182;Recklinghausen;Nordrhein-Westfalen;Frei
4104;1879-01-01;2023-12-31;365;49.0425;12.1019;Regensburg;Bayern;Frei
4125;1897-01-01;2006-11-30;470;47.7238;12.874;Reichenhall, Bad;Bayern;Frei
4127;1991-10-01;2023-12-31;347;50.9906;7.6958;Reichshof-Eckenhagen;Nordrhein-Westfalen;Frei
4149;1881-01-01;1964-03-31;774;50.5477;13.2239;Marienberg-Reitzenhain;Sachsen;Frei
4152;1971-01-01;1977-12-31;760;47.6783;8.1527;Remetschwiel;Baden-Württemberg;Frei
4154;1917-01-01;2018-06-30;345;51.18;7.2505;Remscheid-Lennep;Nordrhein-Westfalen;Frei
4156;1973-10-01;1998-02-28;8;54.2878;9.6749;Rendsburg;Schleswig-Holstein;Frei
4157;1936-01-01;2003-11-30;315;50.5052;7.4881;Rengsdorf (Kurort);Rheinland-Pfalz;Frei
4160;2004-07-01;2023-12-31;478;48.7425;8.924;Renningen-Ihinger Hof;Baden-Württemberg;Frei
4166;1988-05-01;2002-12-31;360;48.5051;9.1833;Reutlingen-Betzingen;Baden-Württemberg;Frei
4169;1929-01-01;2023-12-31;131;48.6703;7.9939;Rheinau-Memprechtshofen;Baden-Württemberg;Frei
4174;2008-01-01;2016-12-31;40;52.2887;7.3866;Rheine-Bentlage;Nordrhein-Westfalen;Frei
4175;1953-09-01;2023-12-31;283;47.559;7.7721;Rheinfelden;Baden-Württemberg;Frei
4177;1947-01-01;2023-12-31;116;48.9726;8.3301;Rheinstetten;Baden-Württemberg;Frei
4189;2004-08-01;2023-12-31;534;48.1479;9.4596;Altheim, Kreis Biberach;Baden-Württemberg;Frei
4222;1963-01-01;2006-01-31;464;50.5263;12.4091;Rodewisch;Sachsen;Frei
4233;1936-04-03;1953-11-30;397;50.3833;9.5167;Röhrigshof bei Schlüchtern;Hessen;Frei
4240;1934-01-01;1992-09-30;440;50.6407;6.2058;Roetgen;Nordrhein-Westfalen;Frei
4261;1881-01-01;2023-12-31;444;47.8819;12.1249;Rosenheim;Bayern;Frei
4270;1881-01-01;1965-12-31;20;54.0826;12.1228;Rostock;Mecklenburg-Vorpommern;Frei
4271;1934-01-01;2023-12-31;5;54.1803;12.0808;Rostock-Warnemünde;Mecklenburg-Vorpommern;Frei
4275;1931-01-01;2023-12-31;32;53.1289;9.3398;Rotenburg (Wümme);Niedersachsen;Frei
4278;1941-01-01;2008-12-31;340;49.2511;11.0934;Roth bei Nürnberg;Bayern;Frei
4280;2002-01-01;2023-12-31;386;49.2162;11.1035;Roth;Bayern;Frei
4287;1947-06-08;2023-12-31;415;49.3849;10.1732;Rothenburg ob der Tauber;Bayern;Frei
4288;1937-01-01;1975-08-31;96;52.1038;8.1809;Rothenfelde, Bad;Niedersachsen;Frei
4293;1958-01-01;2005-11-30;747;47.6819;11.7714;Rottach-Egern;Bayern;Frei
4294;1979-07-01;2002-10-14;360;48.4704;8.9687;Rottenburg-Kiebingen;Baden-Württemberg;Frei
4300;1911-01-01;2023-12-31;588;48.1815;8.6356;Rottweil;Baden-Württemberg;Frei
4301;1931-01-01;2023-12-31;102;49.8502;7.871;Kreuznach, Bad;Rheinland-Pfalz;Frei
4318;1971-06-01;2006-12-31;692;47.731;12.661;Ruhpolding;Bayern;Frei
4320;1988-06-01;1992-09-30;36;54.0934;10.2223;Ruhwinkel;Schleswig-Holstein;Frei
4323;1969-01-01;2023-12-31;461;49.6468;7.8837;Ruppertsecken;Rheinland-Pfalz;Frei
4327;1953-03-01;1971-07-16;797;48.8765;13.049;Rusel-Irlmoos;Bayern;Frei
4330;1952-01-01;1980-03-31;449;48.8026;8.9557;Rutesheim;Baden-Württemberg;Frei
4332;1947-05-01;1959-12-31;235;50.6563;11.3894;Saalfeld;Thüringen;Frei
4333;1936-10-01;1961-04-30;258;50.8582;11.9789;Saara-Großsaara;Thüringen;Frei
4336;1950-01-01;2023-12-31;319;49.2128;7.1077;Saarbrücken-Ensheim;Saarland;Frei
4339;1943-01-01;2001-03-31;193;49.2231;7.0168;Saarbrücken-Sankt Johann;Saarland;Frei
4343;1979-01-01;1997-09-30;180;49.3256;6.7354;Saarlouis;Saarland;
4347;1931-01-01;2000-01-31;293;51.5909;10.5691;Sachsa, Bad;Niedersachsen;Frei
4349;1987-11-01;2023-12-31;251;48.9569;9.0711;Sachsenheim;Baden-Württemberg;Frei
4350;1966-01-01;2008-12-31;339;47.5619;7.9399;Säckingen, Bad (Bergseestr.);Baden-Württemberg;
4354;1985-09-01;2023-12-31;457;48.7826;13.3166;Saldenburg-Entschenreuth;Bayern;Frei
4364;1947-01-01;1999-12-31;138;52.0355;10.3054;Salzgitter-Ringelheim;Niedersachsen;Frei
4367;1992-04-01;2006-12-31;175;52.0781;9.552;Salzhemmendorf-Lauenstein;Niedersachsen;Frei
4371;1931-01-01;2023-12-31;135;52.1042;8.7521;Salzuflen, Bad;Nordrhein-Westfalen;Frei
4373;1936-01-15;1972-06-30;29;52.8568;11.1319;Salzwedel;Sachsen-Anhalt;Frei
4377;1965-01-01;2023-12-31;518;50.3518;10.0034;Sandberg;Bayern;Frei
4386;1903-01-01;2006-12-31;795;47.761;8.1247;Sankt Blasien;Baden-Württemberg;Frei
4390;1963-01-01;2004-12-31;896;48.0091;8.0966;Sankt Märgen;Baden-Württemberg;
4391;1951-04-01;1969-10-31;3;53.9878;9.1125;Sankt Michaelisdonn;Schleswig-Holstein;Frei
4393;1938-01-01;2023-12-31;5;54.3279;8.6031;Sankt Peter-Ording;Schleswig-Holstein;Frei
4396;1950-01-01;1960-12-31;400;49.4672;7.2036;Sankt Wendel-Hof;Saarland;Frei
4397;1978-02-01;2005-12-31;400;49.5025;7.202;Sankt Wendel-Urweiler;Saarland;Frei
4401;1950-01-01;1980-06-30;81;51.6334;8.1872;Sassendorf, Bad-Ostinghausen;Nordrhein-Westfalen;Frei
4411;1979-12-01;2023-12-31;155;49.9195;8.9672;Schaafheim-Schlierbach;Hessen;Frei
4419;1947-01-01;2004-12-31;212;47.9557;7.7133;Schallstadt-Mengen;Baden-Württemberg;Frei
4425;1948-01-01;1965-12-31;569;49.4864;7.029;Schaumberg-Tholey;Saarland;Frei
4429;1917-01-01;1994-08-31;778;47.588;9.85;Scheidegg;Bayern;Frei
4433;1987-01-01;2004-12-31;519;48.1994;9.77;Schemmerhofen-Ingerkingen;Baden-Württemberg;Frei
4436;1947-01-01;1951-12-31;314;50.8166;9.846;Schenklengsfeld;Hessen;Frei
4438;1992-12-01;2006-12-31;317;49.975;11.0395;Scheßlitz;Bayern;Frei
4442;1981-01-01;2007-12-31;155;51.9119;9.1533;Schieder;Nordrhein-Westfalen;Frei
4445;1902-12-01;2023-12-31;609;51.7658;10.6533;Wernigerode-Schierke;Sachsen-Anhalt;Frei
4464;1937-01-01;2023-12-31;501;50.5679;11.8041;Schleiz;Thüringen;Frei
4466;1947-01-01;2023-12-31;43;54.5275;9.5487;Schleswig;Schleswig-Holstein;Frei
4468;1881-01-01;1973-07-31;19;54.5227;9.5649;Schleswig-Stadtfeld;Schleswig-Holstein;Frei
4469;1938-02-01;1980-08-31;399;50.5071;10.762;Schleusingen;Thüringen;Frei
4471;1937-01-01;1985-07-31;780;47.7358;11.8505;Schliersee (A);Bayern;Frei
4474;1914-01-01;1973-12-31;170;49.7961;7.7583;Schlossböckelheim;Rheinland-Pfalz;Frei
4477;1955-01-01;2005-09-30;993;47.8208;8.186;Schluchsee;Baden-Württemberg;Frei
4479;1937-01-01;1985-09-30;375;50.3849;9.5358;Schlüchtern-Kloster Gomfritz;Hessen;Frei
4480;1952-01-01;2023-12-31;232;50.3447;9.5533;Schlüchtern-Herolz;Hessen;Frei
4484;1959-01-01;1971-03-31;45;53.6615;10.2543;Schmalenbeck;Schleswig-Holstein;Frei
4485;2005-02-01;2017-02-28;296;50.725;10.4539;Schmalkalden, Kurort;Thüringen;Frei
4489;1898-01-01;1962-12-31;198;51.8833;10.7667;Schmatzfeld;Sachsen-Anhalt;Frei
4490;1966-01-01;2002-12-31;223;49.4149;6.836;Schmelz-Hüttersdorf;Saarland;Frei
4496;1955-01-01;1974-12-31;95;51.6826;12.7348;Schmiedeberg, Bad;Sachsen-Anhalt;Frei
4501;1887-01-01;2023-12-31;938;50.6545;10.7696;Schmücke;Thüringen;Frei
4505;1881-01-01;1987-01-31;650;50.4988;12.4534;Schnarrtanne-Vogelsgrün;Sachsen;Frei
4508;1889-01-01;2023-12-31;653;50.2968;6.4194;Schneifelforsthaus;Rheinland-Pfalz;Frei
4517;1900-01-01;2004-12-31;635;48.7859;8.6451;Schömberg, Kr. Calw;Baden-Württemberg;Frei
4548;2007-07-01;2023-12-31;608;50.1847;12.0791;Schönwald/Ofr.-Brunn;Bayern;Frei
4549;1977-05-01;2010-09-23;21;48.1002;8.1969;Schönwald/Schwarzwald;Baden-Württemberg;Frei
4556;1973-01-01;2000-08-31;904;48.1402;8.1991;Schonach;Baden-Württemberg;
4557;1881-01-01;2002-10-31;399;47.6464;7.844;Schopfheim-Eichen;Baden-Württemberg;Frei
4559;1996-05-01;2023-12-31;398;49.1644;12.6175;Schorndorf-Knöbling;Bayern;Frei
4560;1901-01-01;2021-12-31;265;50.4925;9.1226;Schotten;Hessen;Frei
4571;1969-06-01;1997-03-31;504;51.8369;10.4312;Schulenberg;Niedersachsen;Frei
4576;1977-04-01;1981-07-31;343;49.3261;11.012;Schwabach (A);Bayern;Frei
4581;1950-01-01;2002-10-31;415;48.7768;9.8025;Schwäbisch Gmünd-Strassdorf;Baden-Württemberg;Frei
4582;1940-01-01;2001-07-31;358;49.0823;9.6892;Schwäbisch Hall-Bibersfeld;Baden-Württemberg;Frei
4584;1970-04-01;1979-05-31;444;48.3667;11.8;Schwaigermoos;Bayern;Frei
4586;1879-01-01;1998-06-30;320;50.1394;8.0627;Schwalbach, Bad;Hessen;Frei
4592;1949-01-01;2023-12-31;356;49.3278;12.0871;Schwandorf;Bayern;Frei
4593;1995-07-01;1999-11-30;117;51.9639;11.1208;Schwanebeck;Sachsen-Anhalt;Frei
4597;1931-01-01;2010-12-31;792;47.5769;10.7181;Schwangau-Horn;Bayern;Frei
4605;1949-07-05;2023-12-31;277;50.6441;11.1936;Schwarzburg;Thüringen;Frei
4606;1960-01-01;1980-12-31;116;51.5167;14.35;Schwarze Pumpe;Brandenburg;Frei
4612;1923-01-01;1965-06-30;418;50.5513;12.7678;Schwarzenberg;Sachsen;Frei
4621;1940-01-01;2003-12-31;240;50.0575;10.216;Schweinfurt-Gartenstadt;Bayern;Frei
4625;1888-01-01;2023-12-31;59;53.6424;11.3871;Schwerin;Mecklenburg-Vorpommern;Frei
4629;1974-07-01;1999-11-30;37;54.5166;9.142;Schwesing;Schleswig-Holstein;Frei
4642;1976-10-01;2023-12-31;21;52.8911;11.7297;Seehausen;Sachsen-Anhalt;Frei
4649;1937-01-01;1956-05-31;214;50.8698;7.3228;Seelscheid;Nordrhein-Westfalen;Frei
4651;1906-01-01;2023-12-31;189;51.904;10.1885;Seesen;Niedersachsen;Frei
4656;1881-01-01;1973-06-30;49;53.9278;10.2993;Segeberg, Bad;Schleswig-Holstein;Frei
4664;1922-01-01;2000-06-30;611;50.1969;12.1727;Selb/Oberfranken-Wildenau;Bayern;Frei
4692;1895-01-01;2018-11-30;229;50.8534;7.9966;Siegen (Kläranlage);Nordrhein-Westfalen;Frei
4703;1888-01-01;2023-12-31;581;48.0719;9.1943;Sigmaringen-Laiz;Baden-Württemberg;Frei
4704;1988-05-01;2023-12-31;508;47.5776;9.7404;Sigmarszell-Zeisertsweiler;Bayern;Frei
4705;1947-01-01;1953-12-10;819;49.7595;12.3891;Silberhütte;Bayern;Frei
4706;1981-01-01;2023-12-31;358;48.2718;13.0273;Simbach/Inn;Bayern;Frei
4709;1979-04-01;2023-12-31;445;49.9996;7.5981;Simmern-Wahlbach;Rheinland-Pfalz;Frei
4719;1998-01-01;2007-08-28;169;49.2447;8.8787;Sinsheim;Baden-Württemberg;Frei
4729;1989-07-01;2004-02-29;342;50.2882;9.4583;Steinau-Seidenroth;Hessen;Frei
4741;1907-01-01;2002-12-31;152;51.14;7.093;Solingen-Hohenscheid;Nordrhein-Westfalen;Frei
4745;1927-01-01;2023-12-31;75;52.9604;9.793;Soltau;Niedersachsen;Frei
4748;1861-01-01;2024-09-30;185;51.3691;10.88;Sondershausen;Thüringen;Frei
4752;1939-01-01;2008-06-30;626;50.3746;11.1828;Sonneberg-Neufang;Thüringen;Frei
4763;1938-01-01;2023-12-31;265;51.0607;9.9266;Sontra;Hessen;Frei
4765;1940-01-01;1980-12-31;199;51.28;9.9847;Sooden-Allendorf, Bad;Hessen;Frei
4775;1949-01-01;1965-12-31;424;49.7858;11.8211;Speinshart;Bayern;Frei
4782;1965-04-01;1991-12-31;87;51.604;12.1093;Spören-Prussendorf;Sachsen-Anhalt;Frei
4806;1883-01-01;1983-12-31;370;50.7832;11.088;Stadtilm;Thüringen;Frei
4813;2020-08-01;2023-12-31;318;50.0806;11.0467;Staffelstein, Bad-Stublang;Bayern;Frei
4818;1964-04-01;2000-12-31;597;50.1531;11.7402;Stammbach-Querenbach;Bayern;Frei
4837;1985-12-01;1990-09-30;363;47.9869;7.9466;Stegen;Baden-Württemberg;Frei
4841;1998-10-01;2023-12-31;0;53.6946;8.8735;Steinau, Kr. Cuxhaven;Niedersachsen;Frei
4847;1956-01-01;1975-12-31;500;51.3629;9.6902;Steinberg;Niedersachsen;Frei
4857;1990-11-01;2023-12-31;2;53.5534;9.6097;Mittelnkirchen-Hohenfelde;Niedersachsen;Frei
4878;1906-01-01;2023-12-31;504;51.6646;10.8811;Oberharz am Brocken-Stiege;Sachsen-Anhalt;Frei
4881;1977-10-01;1994-07-31;533;47.8591;9.0152;Stockach;Baden-Württemberg;Frei
4887;1947-01-01;2023-12-31;734;48.6656;9.8648;Stötten;Baden-Württemberg;Frei
4896;1974-12-01;2022-11-30;40;54.6654;9.805;Wagersrott;Schleswig-Holstein;Frei
4911;1883-01-01;2023-12-31;351;48.8275;12.5597;Straubing;Bayern;Frei
4926;1946-01-01;2013-05-13;224;48.7896;9.2167;Stuttgart (Neckartal);Baden-Württemberg;Frei
4927;1792-01-01;1984-07-31;286;48.7693;9.1814;Stuttgart-Stadt;Baden-Württemberg;Frei
4928;1958-01-01;2023-12-31;314;48.8281;9.2;Stuttgart (Schnarrenberg);Baden-Württemberg;Frei
4931;1941-01-01;2023-12-31;371;48.6883;9.2235;Stuttgart-Echterdingen;Baden-Württemberg;Frei
4933;1881-01-01;1977-06-30;401;48.7091;9.2147;Stuttgart-Hohenheim;Baden-Württemberg;Frei
4939;1947-01-01;1958-12-31;235;51.7333;11.1167;Suderode, Bad;Sachsen-Anhalt;Frei
4945;1950-09-01;1983-04-24;314;51.6;10.6833;Sülzhayn;Thüringen;Frei
4963;1959-01-01;1987-12-31;175;51.4667;10.8;Sundhausen;Thüringen;Frei
4966;1914-01-01;1957-12-31;415;50.8696;10.5106;Tabarz/Thüringer Wald;Thüringen;Frei
4977;1993-01-01;2002-04-30;45;52.5447;11.9724;Tangermünde;Sachsen-Anhalt;Frei
4978;1986-01-01;2023-12-31;395;50.639;10.0228;Tann/Rhön;Hessen;Frei
4987;1986-05-01;2004-06-30;179;49.6122;9.6747;Tauberbischofsheim-Dittigheim;Baden-Württemberg;Frei
4996;1894-01-01;1999-10-31;837;47.7099;11.7639;Tegernsee;Bayern;Frei
4997;1994-10-01;2023-12-31;196;50.9771;12.3419;Starkenberg-Tegkwitz;Thüringen;Frei
5009;1947-01-01;2023-12-31;37;53.761;12.5574;Teterow;Mecklenburg-Vorpommern;Frei
5014;1952-01-01;2023-12-31;7;53.2758;8.9857;Worpswede-Hüttenbusch;Niedersachsen;Frei
5017;1948-01-01;2023-12-31;633;50.4002;11.3888;Teuschnitz;Bayern;Frei
5024;1947-01-01;1989-12-31;67;52.2084;12.0328;Möckern-Räckendorf;Sachsen-Anhalt;Frei
5029;1975-06-01;2023-12-31;387;49.4737;7.0385;Tholey;Saarland;Frei
5032;1986-05-01;2003-12-31;197;49.885;9.8469;Thüngersheim;Bayern;Frei
5039;1968-03-01;1998-12-31;236;50.843;10.1613;Tiefenort;Thüringen;Frei
5046;1967-01-01;2023-12-31;501;49.8576;12.3542;Tirschenreuth-Lodermühl;Bayern;Frei
5047;1945-01-01;1995-12-31;870;47.9394;8.1933;Titisee-Neustadt-Langenordnac;Baden-Württemberg;Frei
5049;1957-01-01;2005-02-28;846;47.8991;8.146;Titisee-Neustadt-Titisee;Baden-Württemberg;Frei
5059;1982-10-01;2002-12-31;781;47.7279;7.9988;Todtmoos;Baden-Württemberg;Frei
5063;1925-01-01;2007-05-31;724;47.7566;11.5819;Tölz, Bad;Bayern;Frei
5064;2004-12-01;2023-12-31;37;51.2897;6.4437;Tönisvorst;Nordrhein-Westfalen;Frei
5067;1931-01-01;1966-09-30;491;51.7643;9.5628;Torfhaus im Solling;Niedersachsen;Frei
5068;1851-01-01;1990-12-31;80;51.5833;13.0;Torgau;Sachsen;Frei
5074;1881-01-01;1960-12-31;626;47.8663;12.6566;Traunstein-Sparz;Bayern;Frei
5075;1971-10-01;2004-06-30;635;47.8516;12.6182;Traunstein-Axdorf;Bayern;Frei
5078;1940-01-01;2001-09-30;2;53.9619;10.8892;Travemünde;Schleswig-Holstein;Frei
5088;1991-01-01;2000-12-31;3;54.5337;13.246;Trent;Mecklenburg-Vorpommern;Frei
5094;1907-01-01;2001-12-31;683;48.1316;8.2283;Triberg;Baden-Württemberg;Frei
5095;1975-07-01;1988-06-30;700;48.1288;8.233;Triberg (Kurpark);Baden-Württemberg;
5097;1949-01-01;2023-12-31;10;54.0654;12.7655;Tribsees;Mecklenburg-Vorpommern;Frei
5099;1788-01-01;2023-12-31;132;49.7326;6.6131;Trier-Zewen;Rheinland-Pfalz;Frei
5100;1931-01-01;2023-12-31;261;49.7479;6.6583;Trier-Petrisberg;Rheinland-Pfalz;Frei
5105;1927-01-01;1973-02-28;700;48.3132;9.2472;Trochtelfingen;Baden-Württemberg;Frei
5107;1988-06-01;2003-12-31;769;48.2814;9.3137;Trochtelfingen-Wilsingen;Baden-Württemberg;Frei
5109;2001-01-01;2023-12-31;68;53.5998;13.3039;Trollenhagen;Mecklenburg-Vorpommern;Frei
5111;1915-01-01;2023-12-31;560;48.0311;12.5396;Trostberg;Bayern;Frei
5120;1950-01-01;1982-04-30;370;48.5198;9.0515;Tübingen;Baden-Württemberg;Frei
5127;1991-02-01;2003-12-31;649;48.0083;8.8179;Tuttlingen;Baden-Württemberg;Frei
5128;1981-06-01;1990-12-31;668;47.9682;8.7899;Tuttlingen-Möhringen-Vorstadt;Baden-Württemberg;Frei
5133;1998-06-01;2023-12-31;295;51.3344;8.9132;Twistetal-Mühlhausen;Hessen;Frei
5138;1946-01-01;2003-12-31;446;47.7713;9.1562;Überlingen/Bodensee;Baden-Württemberg;Frei
5142;1936-09-01;2023-12-31;1;53.7445;14.0698;Ueckermünde;Mecklenburg-Vorpommern;Frei
5146;1888-01-01;2023-12-31;50;52.9414;10.5289;Uelzen;Niedersachsen;Frei
5149;1937-01-01;2024-09-30;318;49.5679;10.1969;Gollhofen;Bayern;Frei
5155;1881-01-01;2014-08-31;567;48.3837;9.9524;Ulm;Baden-Württemberg;Frei
5158;1987-12-01;2023-12-31;159;52.1601;11.1759;Ummendorf;Sachsen-Anhalt;Frei
5165;1935-01-01;2006-12-31;95;52.8499;10.2898;Unterlüß;Niedersachsen;Frei
5185;1971-11-01;2006-12-31;291;49.5933;11.0704;Uttenreuth;Bayern;Frei
5229;1881-01-01;2023-12-31;719;48.0453;8.4608;Villingen-Schwenningen;Baden-Württemberg;Frei
5236;1950-01-01;1979-12-31;51;52.8318;8.3112;Visbek;Niedersachsen;Frei
5244;1959-01-01;1982-02-28;220;49.2581;6.8612;Völklingen-Stadt;Saarland;Frei
5245;1978-01-01;1999-08-31;187;49.2495;6.8804;Völklingen (Kraftwerk-Fenne);Saarland;
5250;1908-01-01;2003-12-31;223;48.0908;7.6353;Vogtsburg-Oberrotweil;Baden-Württemberg;Frei
5252;1947-01-01;1957-12-31;100;52.103;9.5845;Voldagsen;Niedersachsen;Frei
5267;1963-06-01;1975-12-31;86;52.0722;11.0222;Wackersleben;Sachsen-Anhalt;Frei
5275;1985-10-01;2023-12-31;105;49.2445;8.5374;Waghäusel-Kirrlach;Baden-Württemberg;Frei
5277;1998-01-01;2009-06-30;349;50.8119;9.128;Wahlen;Hessen;Frei
5279;1949-01-01;2023-12-31;167;51.6194;9.5749;Wesertal-Lippoldsberg;Hessen;Frei
5280;1981-04-01;2023-12-31;33;53.9224;10.2267;Wittenborn;Schleswig-Holstein;Frei
5282;1917-01-01;1974-06-30;246;51.1197;13.6744;Wahnsdorf bei Dresden;Sachsen;Frei
5284;1978-01-01;1991-12-31;224;48.8279;9.3228;Waiblingen;Baden-Württemberg;Frei
5289;1983-01-01;2008-04-30;595;48.4918;8.5612;Waldachtal-Lützenhardt;Baden-Württemberg;Frei
5291;1948-01-01;1961-12-31;5;47.976;8.1558;Waldau-Jostal;Baden-Württemberg;Frei
5296;1936-01-01;1989-04-30;376;51.207;9.0658;Waldeck;Hessen;Frei
5300;1930-01-01;2023-12-31;380;50.2596;8.3607;Waldems-Reinborn;Hessen;Frei
5306;1971-12-01;2003-12-31;940;48.9293;13.4641;Waldhäuser (National Park);Bayern;Frei
5317;1949-01-01;1957-12-31;509;50.0097;12.2979;Waldsassen;Bayern;Frei
5320;1938-01-01;1991-06-30;330;47.6172;8.2388;Waldshut;Baden-Württemberg;Frei
5335;1882-01-01;2023-12-31;352;50.8963;10.5483;Waltershausen;Thüringen;Frei
5344;1941-03-01;2006-12-31;2;53.7865;7.9096;Wangerooge;Niedersachsen;Frei
5347;1998-01-01;2023-12-31;236;51.5039;9.1118;Warburg;Nordrhein-Westfalen;Frei
5349;1889-07-01;2023-12-31;73;53.5196;12.6654;Waren (Müritz);Mecklenburg-Vorpommern;Frei
5361;1911-01-01;2005-12-31;270;50.6271;9.442;Wartenberg-Angersbach;Hessen;Frei
5369;1947-12-01;1993-12-31;443;48.0572;12.2202;Wasserburg;Bayern;Frei
5371;1923-08-01;2023-12-31;920;50.4973;9.9427;Wasserkuppe;Hessen;Frei
5377;1948-01-01;1953-09-30;923;47.5714;12.9337;Watzmannhaus;Bayern;Frei
5397;1881-01-01;2023-12-31;440;49.6662;12.1844;Weiden;Bayern;Frei
5398;1919-01-01;1971-06-30;425;49.1965;10.6487;Weidenbach, Kr.Ansbach;Bayern;Frei
5403;1991-11-01;2004-12-31;309;49.59;10.2588;Weigenheim-Reusch;Bayern;Frei
5404;1885-01-01;2023-12-31;477;48.4024;11.6946;Weihenstephan-Dürnast;Bayern;Frei
5410;1887-01-01;1993-06-30;135;50.4732;8.2594;Weilburg (Kläranlage);Hessen;Frei
5419;1882-01-01;2007-06-30;264;50.9751;11.3076;Weimar;Thüringen;Frei
5424;1949-03-13;2023-12-31;328;51.0177;11.3544;Weimar-Schöndorf;Thüringen;Frei
5426;1953-01-01;2023-12-31;553;49.3758;8.1212;Weinbiet;Rheinland-Pfalz;Frei
5429;1901-01-01;1984-06-30;219;49.1512;9.292;Weinsberg;Baden-Württemberg;Frei
5431;1947-01-01;1976-09-30;24;53.0333;11.8;Weisen bei Wittenberge;Sachsen-Anhalt;Frei
5433;1957-01-01;2023-12-31;383;49.5534;6.812;Weiskirchen/Saar;Saarland;Frei
5434;1941-01-01;1992-05-31;317;50.0858;11.2364;Weismain;Bayern;Frei
5435;1981-01-01;2003-12-31;455;48.8457;8.9073;Weissach;Baden-Württemberg;Frei
5440;1879-01-01;2023-12-31;439;49.0115;10.9308;Weißenburg-Emetzheim;Bayern;Frei
5442;1895-01-01;2005-12-31;109;51.2002;11.9154;Weißenfels;Sachsen-Anhalt;Frei
5445;1983-02-01;2007-12-31;165;51.212;10.9956;Weißensee-Ottenhausen;Thüringen;Frei
5453;1992-06-01;2003-12-31;174;48.188;7.6976;Weisweil-Waldeckhof;Baden-Württemberg;Frei
5460;1978-12-01;1984-07-31;655;48.1477;8.6954;Wellendingen;Baden-Württemberg;Frei
5463;1994-12-01;2000-01-31;58;52.0654;14.6898;Wellmitz;Brandenburg;Frei
5467;1884-01-01;2012-09-20;832;47.7035;12.0119;Wendelstein;Bayern;Frei
5480;2003-09-10;2023-12-31;85;51.5763;7.8879;Werl;Nordrhein-Westfalen;Frei
5488;1949-01-01;1986-03-31;216;49.9622;10.0482;Mühlhausen, Kr. Schweinfurt;Bayern;Frei
5490;1947-01-01;2023-12-31;233;51.8454;10.7686;Wernigerode;Sachsen-Anhalt;Frei
5498;1875-04-08;2004-11-30;140;49.7667;9.5428;Wertheim-Eichel;Baden-Württemberg;Frei
5514;1872-01-01;1961-12-31;3;54.899;8.3117;Westerland;Schleswig-Holstein;Frei
5516;1931-01-01;2023-12-31;3;54.5283;11.0606;Fehmarn;Schleswig-Holstein;Frei
5533;1990-12-01;2003-12-31;351;51.617;10.5843;Wieda;Niedersachsen;
5538;1920-01-01;2023-12-31;551;47.8827;11.1576;Wielenbach (Demollstr.);Bayern;Frei
5540;1881-01-01;2012-06-30;132;50.0652;8.2597;Wiesbaden (Süd);Hessen;Frei
5541;1987-06-01;2023-12-31;263;50.1321;8.3169;Wiesbaden-Auringen;Hessen;Frei
5543;1946-01-01;1986-07-31;235;50.0863;8.1872;Wiesbaden-Dotzheim;Hessen;Frei
5546;1967-04-01;2024-09-30;187;52.1206;12.4586;Wiesenburg;Brandenburg;Frei
5559;1896-01-01;2001-06-30;383;48.7848;8.5764;Wildbad, Bad-Calmbach;Baden-Württemberg;Frei
5560;1896-01-01;2003-11-30;740;48.7501;8.5365;Wildbad, Bad-Sommerberg;Baden-Württemberg;Frei
5562;1995-04-01;2023-12-31;571;48.6516;8.6801;Neubulach-Oberhaugstett;Baden-Württemberg;Frei
5568;1933-01-01;2001-03-31;310;51.1056;9.1081;Wildungen, Bad;Hessen;Frei
5575;1881-01-01;1998-06-30;1;53.5901;8.106;Wilhelmshaven;Niedersachsen;Frei
5582;1940-01-01;2005-12-31;580;51.294;8.6026;Willingen/Upland;Hessen;Frei
5583;1983-08-01;2006-01-31;594;51.2818;8.6673;Willingen/Upland-Usseln;Hessen;Frei
5609;1994-08-01;2002-03-31;241;48.8031;9.4699;Winterbach, Rems-Murr-Kreis;Baden-Württemberg;Frei
5610;1958-01-01;2008-12-31;733;51.1872;8.5079;Winterberg;Nordrhein-Westfalen;Frei
5624;1947-01-01;1954-12-31;16;53.9026;11.4254;Wismar;Mecklenburg-Vorpommern;Frei
5629;1937-01-01;2023-12-31;105;51.8891;12.6446;Wittenberg;Sachsen-Anhalt;Frei
5640;2002-01-01;2023-12-31;7;53.5444;7.6625;Wittmundhafen;Niedersachsen;Frei
5643;1937-01-01;2023-12-31;68;53.1864;12.4949;Wittstock-Rote Mühle;Brandenburg;Frei
5644;1900-01-01;1999-08-31;133;51.3493;9.8438;Witzenhausen;Hessen;Frei
5654;1948-07-01;2007-12-31;464;49.2178;10.2296;Wörnitz-Bottenweiler;Bayern;Frei
5663;1979-01-01;1990-12-31;118;53.4618;13.6099;Woldegk;Mecklenburg-Vorpommern;Frei
5664;1958-01-01;2023-12-31;296;48.2953;8.2391;Wolfach;Baden-Württemberg;Frei
5665;1918-01-01;2004-12-31;677;47.818;9.797;Wolfegg;Baden-Württemberg;Frei
5675;1961-01-01;1981-03-31;56;52.4411;10.7587;Wolfsburg;Niedersachsen;Frei
5676;1981-04-01;2023-12-31;82;52.3962;10.6892;Wolfsburg (Südwest);Niedersachsen;Frei
5681;1981-09-01;1998-12-31;200;49.5811;7.6234;Wolfstein/Pfalz;Rheinland-Pfalz;Frei
5688;2018-11-01;2023-12-31;881;47.7004;8.1057;Dachsberg-Wolpadingen;Baden-Württemberg;Frei
5692;1896-01-01;2023-12-31;88;49.6051;8.3659;Worms;Rheinland-Pfalz;Frei
5703;1949-01-01;1986-01-31;170;49.7964;9.8949;Würzburg/Main;Bayern;Frei
5705;1881-01-01;2023-12-31;268;49.7704;9.9576;Würzburg;Bayern;Frei
5707;1880-01-01;1953-01-31;175;49.7995;9.928;Würzburg (Physikalisches-Inst;Bayern;Frei
5715;2002-01-01;2023-12-31;49;52.4626;9.4245;Wunstorf;Niedersachsen;Frei
5717;1907-01-01;2023-12-31;134;51.2256;7.1052;Wuppertal-Buchenhofen;Nordrhein-Westfalen;Frei
5719;2004-10-01;2009-12-09;235;51.2051;7.2;Remscheid;Nordrhein-Westfalen;Frei
5728;1952-04-01;1981-12-31;35;52.8039;12.8714;Wustrau-Ziethenhorst;Brandenburg;Frei
5731;1955-01-01;2023-12-31;395;47.6783;8.3801;Wutöschingen-Ofteringen;Baden-Württemberg;Frei
5732;1887-07-01;2003-06-30;9;54.6928;8.5271;Wrixum/Föhr;Schleswig-Holstein;Frei
5745;1933-01-01;2023-12-31;51;52.9664;13.3268;Zehdenick;Brandenburg;Frei
5750;1952-09-01;2023-12-31;264;51.0314;12.1495;Zeitz;Sachsen-Anhalt;Frei
5761;1903-11-01;1980-12-31;69;51.9642;12.0996;Zerbst;Sachsen-Anhalt;Frei
5770;1952-03-01;1982-12-31;316;50.6132;11.6472;Ziegenrück;Thüringen;Frei
5778;1991-01-01;2004-07-31;2;54.0801;13.8989;Zinnowitz;Mecklenburg-Vorpommern;Frei
5779;1971-01-01;2023-12-31;877;50.7313;13.7516;Zinnwald-Georgenfeld;Sachsen;Frei
5781;1876-01-01;1943-08-31;235;50.8849;14.8112;Zittau;Sachsen;Frei
5792;1900-08-01;2023-12-31;956;47.421;10.9848;Zugspitze;Bayern;Frei
5797;1863-12-04;2023-12-31;349;50.6879;12.4329;Lichtentanne;Sachsen;Frei
5800;1998-01-01;2023-12-31;615;49.028;13.2385;Zwiesel;Bayern;Frei
5802;1947-01-01;2003-09-30;615;49.0007;13.2137;Zwieselberg;Bayern;Frei
5821;1959-01-01;1976-12-31;36;52.8482;8.719;Bassum (A);Niedersachsen;Frei
5822;1975-10-01;2023-12-31;42;52.863;8.6989;Bassum;Niedersachsen;Frei
5825;1953-07-01;2023-12-31;40;52.6198;12.7867;Berge;Brandenburg;Frei
5832;1946-01-01;1954-11-30;50;53.1007;11.0455;Dannenberg;Niedersachsen;Frei
5839;1997-07-01;2023-12-31;0;53.3881;7.2287;Emden;Niedersachsen;Frei
5856;1997-01-03;2023-12-31;476;48.5451;13.3532;Fürstenzell;Bayern;Frei
5871;1998-11-01;2023-12-31;497;49.9463;7.2645;Hahn;Rheinland-Pfalz;Frei
5885;1881-01-01;1977-05-31;289;48.6582;9.4203;Kirchheim/Teck-Ötlingen;Baden-Württemberg;Frei
5890;1944-01-01;1991-07-31;850;47.6777;11.0473;Kohlgrub, Bad (A);Bayern;Frei
5898;1939-01-01;1984-06-30;287;48.8943;9.2058;Ludwigsburg;Baden-Württemberg;Frei
5904;1978-05-01;2005-01-31;431;48.6493;11.7772;Mainburg;Bayern;Frei
5906;1881-01-01;2023-12-31;98;49.5063;8.5584;Mannheim;Baden-Württemberg;Frei
5912;1937-01-01;2003-12-31;169;51.0988;9.538;Malsfeld;Hessen;Frei
5920;1888-01-01;1997-07-31;91;50.4485;7.4275;Neuwied;Rheinland-Pfalz;Frei
5930;1998-01-01;2023-12-31;1;54.641;10.0238;Schönhagen (Ostseebad);Schleswig-Holstein;Frei
5941;1938-01-01;2023-12-31;686;47.6754;12.4698;Reit im Winkl;Bayern;Frei
5971;1951-01-01;1963-02-28;510;48.8787;9.6342;Welzheim (A);Baden-Württemberg;Frei
6086;1997-11-01;2000-06-30;71;52.7786;13.759;Melchow-Schönholz;Brandenburg;Frei
6093;1998-02-01;2023-12-31;62;53.2139;10.4704;Wendisch Evern;Niedersachsen;Frei
6095;1998-05-01;1999-09-30;273;51.0838;13.4486;Taubenheim-Seeligstadt;Sachsen;Frei
6105;1998-06-01;2023-12-31;15;54.3194;9.8051;Ostenfeld (Rendsburg);Schleswig-Holstein;Frei
6109;1998-10-01;2023-12-31;51;53.3837;14.3728;Grambow-Schwennenz;Mecklenburg-Vorpommern;Frei
6110;1998-09-01;2004-08-31;11;53.8545;13.4949;Medow-Wussentin;Mecklenburg-Vorpommern;Frei
6112;1998-10-01;2000-01-31;2;54.267;13.143;Stralsund-Devin;Mecklenburg-Vorpommern;Frei
6129;1999-05-01;2023-12-31;291;51.0594;14.4266;Sohland/Spree;Sachsen;Frei
6157;1999-02-01;2023-12-31;4;53.6411;8.0809;Wangerland-Hooksiel;Niedersachsen;Frei
6158;1999-07-01;2023-12-31;454;49.2249;10.6085;Weidenbach-Weiherschneidbach;Bayern;Frei
6159;1959-03-01;2023-12-31;8;52.9542;7.3197;Dörpen;Niedersachsen;Frei
6163;1999-10-05;2023-12-31;27;54.1654;10.3519;Dörnick;Schleswig-Holstein;Frei
6170;2000-02-01;2023-12-31;39;52.0192;14.7254;Coschen;Brandenburg;Frei
6182;2000-04-01;2012-03-26;404;48.7757;12.1743;Mallersdorf-Pfaffenberg;Bayern;Frei
6186;2000-04-01;2019-05-26;268;50.1989;7.8651;Nastätten;Rheinland-Pfalz;Frei
6196;2000-09-01;2001-11-30;611;50.1587;12.0386;Selb-Spielberg;Bayern;Frei
6197;2000-10-11;2023-12-31;258;51.8664;9.271;Lügde-Paenbruch;Nordrhein-Westfalen;Frei
6199;2000-08-01;2023-12-31;16;54.2484;13.0419;Steinhagen-Negast;Mecklenburg-Vorpommern;Frei
6217;2001-04-01;2023-12-31;190;49.2406;6.9351;Saarbrücken-Burbach;Saarland;Frei
6219;2001-07-01;2001-10-31;394;48.8768;11.1043;Dollnstein-Breitenfurt;Bayern;Frei
6258;2003-01-01;2023-12-31;461;47.6845;9.4409;Friedrichshafen-Unterraderach;Baden-Württemberg;Frei
6259;2004-06-01;2023-12-31;524;49.021;9.6033;Großerlach-Mannenweiler;Baden-Württemberg;Frei
6260;2002-12-01;2023-12-31;381;49.3328;9.704;Ingelfingen-Stachenhausen;Baden-Württemberg;Frei
6262;2002-11-01;2023-12-31;412;48.7695;9.8737;Schwäbisch Gmünd-Weiler;Baden-Württemberg;Frei
6263;2004-07-01;2023-12-31;445;47.7738;8.8219;Singen;Baden-Württemberg;Frei
6264;2004-06-01;2023-12-31;457;51.414;8.65;Brilon-Thülen;Nordrhein-Westfalen;Frei
6265;2004-05-01;2023-12-31;36;52.3613;12.3867;Wusterwitz;Brandenburg;Frei
6266;2004-09-01;2023-12-31;112;52.0304;10.9626;Huy-Pabstorf;Sachsen-Anhalt;Frei
6272;2004-10-01;2023-12-31;284;50.8426;10.2518;Salzungen, Bad-Gräfen-Nitzend;Thüringen;Frei
6273;2004-06-01;2023-12-31;36;52.5075;11.8551;Demker;Sachsen-Anhalt;Frei
6275;2004-07-01;2023-12-31;327;48.6705;9.4627;Notzingen;Baden-Württemberg;Frei
6304;2002-10-01;2006-12-31;550;49.3533;11.5053;Pilsach-Litzlohe;Bayern;Frei
6305;2004-12-01;2023-12-31;194;51.2061;10.4978;Mühlhausen/Thüringen-Görmar;Thüringen;Frei
6310;2004-08-01;2023-12-31;1;54.1049;13.8239;Karlshagen;Mecklenburg-Vorpommern;Frei
6312;2004-11-01;2020-09-30;362;49.5314;10.6418;Markt Erlbach-Mosbach;Bayern;Frei
6314;1949-02-01;2023-12-31;306;51.0507;13.3003;Nossen;Sachsen;Frei
6336;2005-11-01;2023-12-31;288;50.0132;9.654;Lohr/Main-Halsbach;Bayern;Frei
6337;2004-08-01;2023-12-31;58;51.7663;7.5194;Lüdinghausen-Brochtrup;Nordrhein-Westfalen;Frei
6344;2004-12-01;2023-12-31;168;50.394;8.1423;Runkel-Ennerich;Hessen;Frei
6346;2005-02-01;2023-12-31;531;48.207;11.2035;Maisach-Galgen;Bayern;Frei
6347;2005-03-01;2023-12-31;305;50.0579;10.2972;Schonungen-Mainberg;Bayern;Frei
7075;2005-02-01;2023-12-31;429;48.702;11.8493;Elsendorf-Horneck;Bayern;Frei
7099;2004-11-01;2021-10-03;187;52.0111;10.3966;Liebenburg-Othfresen;Niedersachsen;Frei
7105;2005-06-01;2023-12-31;719;47.835;12.6548;Siegsdorf-Höll;Bayern;Frei
7106;2006-09-01;2023-12-31;105;52.0714;8.4565;Bielefeld-Deppendorf;Nordrhein-Westfalen;Frei
7135;1951-01-01;2004-12-31;565;47.9655;9.6804;Aulendorf-Haslach;Baden-Württemberg;Frei
7187;2004-12-01;2023-12-31;194;49.7636;9.4063;Freudenberg/Main-Boxtal;Baden-Württemberg;Frei
7244;1967-01-01;2004-09-30;62;53.1424;13.0319;Neuglobsow (HM);Brandenburg;Frei
7298;2005-07-01;2023-12-31;4;54.5268;9.0425;Hattstedt;Schleswig-Holstein;Frei
7319;2005-03-01;2023-12-31;435;48.7374;10.7393;Donauwörth-Osterweiler;Bayern;Frei
7321;2005-09-01;2023-12-31;157;51.1507;11.3321;Olbersleben;Thüringen;Frei
7329;2005-11-01;2023-12-31;465;50.5467;12.2863;Treuen;Sachsen;Frei
7330;2005-10-01;2023-12-31;159;51.4633;7.978;Arnsberg-Neheim;Nordrhein-Westfalen;Frei
7331;2005-09-01;2023-12-31;467;48.6099;10.2674;Hermaringen-Allewind;Baden-Württemberg;Frei
7341;2005-07-19;2023-12-31;119;50.09;8.7862;Offenbach-Wetterpark;Hessen;Frei
7343;2006-04-01;2023-12-31;689;50.62;13.4817;Deutschneudorf-Brüderwiese;Sachsen;Frei
7350;2006-08-01;2023-12-31;585;49.1088;12.8231;Prackenbach-Neuhäusl;Bayern;Frei
7351;2005-09-08;2023-12-31;115;53.3176;13.4175;Feldberg/Mecklenburg;Mecklenburg-Vorpommern;Frei
7364;2007-01-01;2023-12-31;74;51.6818;12.3053;Jeßnitz;Sachsen-Anhalt;Frei
7367;2007-12-01;2023-12-31;144;51.9643;9.8072;Alfeld;Niedersachsen;Frei
7368;2007-11-01;2023-12-31;312;51.0007;10.3621;Eisenach;Thüringen;Frei
7369;2007-11-01;2023-12-31;475;49.1623;10.3661;Feuchtwangen-Heilbronn;Bayern;Frei
7370;2006-12-11;2023-12-31;499;49.391;12.6838;Waldmünchen;Bayern;Frei
7373;2006-03-01;2023-12-31;3;53.5984;6.7024;Borkum-Flugplatz;Niedersachsen;Frei
7374;2006-03-01;2023-12-31;46;52.0813;6.9409;Ahaus;Nordrhein-Westfalen;Frei
7389;2006-12-01;2023-12-31;83;52.7461;13.8427;Heckelberg;Brandenburg;Frei
7393;2010-01-01;2023-12-31;116;51.4492;14.2533;Hoyerswerda;Sachsen;Frei
7394;2006-06-01;2023-12-31;622;50.0315;11.9745;Wunsiedel-Schönbrunn;Bayern;Frei
7395;2007-12-01;2023-12-31;351;48.6595;12.5388;Gottfrieding;Bayern;Frei
7396;2008-05-01;2023-12-31;740;50.5084;9.2246;Hoherodskopf/Vogelsberg;Hessen;Frei
7403;2007-04-02;2023-12-31;672;47.7955;10.0325;Leutkirch-Herlazhofen;Baden-Württemberg;Frei
7410;2011-02-01;2023-12-31;350;50.7513;9.0224;Neu-Ulrichstein;Hessen;Frei
7412;2006-10-01;2023-12-31;340;50.0083;9.4238;Neuhütten/Spessart;Bayern;Frei
7419;2006-12-01;2023-12-31;389;50.661;12.0756;Langenwetzendorf-Göttendorf;Thüringen;Frei
7420;2007-04-01;2023-12-31;246;51.1044;11.7112;Naumburg/Saale-Kreipitzsch;Sachsen-Anhalt;Frei
7424;2006-12-01;2023-12-31;457;47.7724;12.9073;Piding;Bayern;Frei
7427;2007-09-01;2023-12-31;17;54.0188;9.9255;Padenstedt (Pony-Park);Schleswig-Holstein;Frei
7428;2007-05-01;2023-12-31;397;50.4167;10.8156;Veilsdorf;Thüringen;Frei
7431;2007-11-01;2023-12-31;604;48.013;11.5524;Oberhaching-Laufzorn;Bayern;Frei
7432;2007-05-01;2023-12-31;71;52.6423;10.6628;Wittingen-Vorhop;Niedersachsen;Frei
13670;2007-06-01;2023-12-31;24;51.5088;6.7018;Duisburg-Baerl;Nordrhein-Westfalen;Frei
13674;2007-08-01;2023-12-31;237;49.2943;8.9053;Waibstadt;Baden-Württemberg;Frei
13675;2007-11-01;2023-12-31;75;52.0818;9.4077;Hameln-Hastenbeck;Niedersachsen;Frei
13696;2007-12-01;2023-12-31;60;51.5966;7.4048;Waltrop-Abdinghof;Nordrhein-Westfalen;Frei
13700;2008-05-01;2023-12-31;203;51.3329;7.3412;Gevelsberg-Oberbröking;Nordrhein-Westfalen;Frei
13710;2008-04-01;2023-12-31;490;48.5734;12.2576;Landshut-Reithof;Bayern;Frei
13711;2007-12-01;2023-12-31;289;50.682;11.515;Krölpa-Rockendorf;Thüringen;Frei
13713;2007-11-01;2023-12-31;385;51.0899;7.6289;Meinerzhagen-Redlendorf;Nordrhein-Westfalen;Frei
13776;2008-03-01;2010-12-31;85;52.1789;9.9524;Hildesheim-Drispenstedt;Niedersachsen;Frei
13777;2008-06-01;2023-12-31;109;52.2467;10.9592;Helmstedt-Emmerstedt;Niedersachsen;Frei
13876;1922-01-01;1945-01-31;755;50.7667;13.7333;Altenberg-Raupennest;Sachsen;Frei
13886;1937-04-01;1972-09-30;250;50.7;11.6;Pößneck;Thüringen;Frei
13904;2008-09-28;2008-12-29;3;55.0;6.3333;Nordseeboje 2;Hamburg;Frei
13965;2008-12-01;2023-12-31;619;48.2639;8.8134;Balingen-Bronnhaupten;Baden-Württemberg;Frei
14311;1958-01-01;2005-12-31;530;50.15;6.5527;Hersdorf-Weißenseifen;Rheinland-Pfalz;Frei
15000;2011-04-01;2023-12-31;231;50.7983;6.0244;Aachen-Orsbach;Nordrhein-Westfalen;Frei
15207;2013-11-01;2023-12-31;317;51.2835;9.359;Schauenburg-Elgershausen;Hessen;Frei
15444;2014-09-01;2023-12-31;593;48.4418;9.9216;Ulm-Mähringen;Baden-Württemberg;Frei
15526;1881-01-01;2023-12-31;29;53.5467;9.9716;Hamburg (Deutsche Seewarte);Hamburg;Frei
15555;2016-05-01;2024-09-30;815;47.8761;10.5849;Kaufbeuren-Oberbeuren;Bayern;Frei
15813;2022-03-01;2023-12-31;40;52.5126;7.4131;Lingen-Baccum;Niedersachsen;Frei
15926;1951-01-01;1955-10-20;370;49.341;12.133;Fronberg (Schwandorf);Bayern;Frei
15951;1976-04-01;2004-08-31;280;49.2121;7.5882;Pirmasens (Kläranlage);Rheinland-Pfalz;Frei
15963;1953-01-01;2004-11-30;40;51.3258;6.5089;St. Tönis;Nordrhein-Westfalen;Frei
15964;1881-01-01;1955-07-10;45;51.33;6.56;Krefeld-Mitte;Nordrhein-Westfalen;Frei
15965;1969-05-01;1984-08-31;350;50.3102;9.7838;Brückenau, Bad (Elisabethenho;Bayern;Frei
15979;1948-01-01;1979-03-31;426;49.9311;7.5153;Sargenroth;Rheinland-Pfalz;Frei
16085;1960-07-01;1961-12-31;8;53.5874;8.6011;Leherheide;Bremen;Frei
19087;1957-05-01;1995-11-30;645;48.8049;13.5528;Freyung vorm Wald;Bayern;Frei
19171;2020-09-01;2023-12-31;13;54.0039;9.8555;Hasenkrug-Hardebek;Schleswig-Holstein;Frei
19172;2020-09-01;2023-12-31;48;54.0246;9.388;Wacken;Schleswig-Holstein;Frei
19207;2023-04-01;2024-09-30;16;53.8178;12.0645;Gülzow-Prüzen;Mecklenburg-Vorpommern;Frei
19318;1946-11-01;1978-12-31;292;50.718;10.431;Schmalkalden;Thüringen;Frei
19364;1937-12-01;1977-12-31;720;50.6167;10.8167;Schmiedefeld/Rennsteig;Thüringen;Frei
19378;1958-01-01;1977-12-31;505;50.8333;10.5833;Finsterbergen;Thüringen;Frei
19406;1887-01-01;1961-09-30;132;51.0833;11.6333;Sulza, Bad;Thüringen;Frei
19433;1887-01-01;1961-12-31;316;50.8188;10.3443;Liebenstein, Bad;Thüringen;Frei
19510;1950-01-01;1971-01-06;159;51.1;12.33;Lucka;Thüringen;Frei
19579;1971-01-01;2005-10-31;875;47.8194;8.3348;Bonndorf;Baden-Württemberg;Frei
19580;1975-01-01;2005-12-31;471;48.4951;9.4003;Urach, Bad/Erms;Baden-Württemberg;Frei
19581;1974-06-01;2005-03-31;600;48.6671;8.47;Enzklösterle/Schwarzwald;Baden-Württemberg;Frei
19582;1946-01-01;2000-12-31;754;48.1419;8.4255;Königsfeld;Baden-Württemberg;Frei
19607;1972-05-01;2001-04-30;615;50.6952;13.4972;Cämmerswalde-Rauschenbach;Sachsen;Frei
19617;1933-01-01;2006-12-31;310;49.7391;10.6039;Burghaslach;Bayern;Frei
19631;1881-06-01;1969-12-31;268;50.8083;10.2294;Salzungen;Thüringen;Frei
19647;1951-01-01;2005-10-31;178;49.4547;8.9794;Eberbach/Neckar;Baden-Württemberg;Frei
19774;1971-08-19;1994-02-28;174;51.4814;10.8057;Nordhausen (Umspannwerk);Thüringen;Frei
19781;1881-01-01;1953-12-31;367;48.7429;11.4233;Ingolstadt;Bayern;Frei
19794;1881-01-01;1954-12-31;370;49.4415;11.8529;Amberg (Mariahilfberg);Bayern;Frei
19856;2024-08-01;2024-09-30;625;47.6134;12.9819;Schönau am Königssee;Bayern;Frei
19911;1963-11-01;1986-09-30;215;50.9625;10.0663;Gerstungen/Thüringen;Thüringen;Frei
